,url,all,allo,auto,both,undeclared
0,https://ClinicalTrials.gov/show/NCT00081055,1,0,1,0,0
1,https://ClinicalTrials.gov/show/NCT00114452,1,1,0,0,0
2,https://ClinicalTrials.gov/show/NCT00136903,1,1,0,0,0
3,https://ClinicalTrials.gov/show/NCT00186914,1,1,0,0,0
4,https://ClinicalTrials.gov/show/NCT00221130,1,0,0,0,1
5,https://ClinicalTrials.gov/show/NCT00225095,1,0,0,0,1
6,https://ClinicalTrials.gov/show/NCT00250302,1,0,1,0,0
7,https://ClinicalTrials.gov/show/NCT00260338,1,0,1,0,0
8,https://ClinicalTrials.gov/show/NCT00284986,1,1,0,0,0
9,https://ClinicalTrials.gov/show/NCT00294112,1,1,0,0,0
10,https://ClinicalTrials.gov/show/NCT00314483,1,1,0,0,0
11,https://ClinicalTrials.gov/show/NCT00361049,1,0,0,0,1
12,https://ClinicalTrials.gov/show/NCT00366145,1,1,0,0,0
13,https://ClinicalTrials.gov/show/NCT00395200,1,0,1,0,0
14,https://ClinicalTrials.gov/show/NCT00418418,1,0,1,0,0
15,https://ClinicalTrials.gov/show/NCT00420134,1,0,1,0,0
16,https://ClinicalTrials.gov/show/NCT00447460,1,1,0,0,0
17,https://ClinicalTrials.gov/show/NCT00476060,1,0,1,0,0
18,https://ClinicalTrials.gov/show/NCT00482092,1,1,0,0,0
19,https://ClinicalTrials.gov/show/NCT00498316,1,0,0,0,1
20,https://ClinicalTrials.gov/show/NCT00504803,1,1,0,0,0
21,https://ClinicalTrials.gov/show/NCT00515307,1,1,0,0,0
22,https://ClinicalTrials.gov/show/NCT00543374,1,1,0,0,0
23,https://ClinicalTrials.gov/show/NCT00549913,1,0,0,1,0
24,https://ClinicalTrials.gov/show/NCT00555828,1,1,0,0,0
25,https://ClinicalTrials.gov/show/NCT00557635,1,0,0,1,0
26,https://ClinicalTrials.gov/show/NCT00562497,1,1,0,0,0
27,https://ClinicalTrials.gov/show/NCT00587990,1,0,1,0,0
28,https://ClinicalTrials.gov/show/NCT00603330,1,1,0,0,0
29,https://ClinicalTrials.gov/show/NCT00609661,1,0,0,0,1
30,https://ClinicalTrials.gov/show/NCT00629018,1,0,1,0,0
31,https://ClinicalTrials.gov/show/NCT00629096,1,0,1,0,0
32,https://ClinicalTrials.gov/show/NCT00644410,1,0,1,0,0
33,https://ClinicalTrials.gov/show/NCT00646724,1,1,0,0,0
34,https://ClinicalTrials.gov/show/NCT00658073,1,0,0,1,0
35,https://ClinicalTrials.gov/show/NCT00659217,1,0,1,0,0
36,https://ClinicalTrials.gov/show/NCT00659620,1,1,0,0,0
37,https://ClinicalTrials.gov/show/NCT00683722,1,1,0,0,0
38,https://ClinicalTrials.gov/show/NCT00690066,1,1,0,0,0
39,https://ClinicalTrials.gov/show/NCT00698191,1,1,0,0,0
40,https://ClinicalTrials.gov/show/NCT00702741,1,0,0,0,1
41,https://ClinicalTrials.gov/show/NCT00705120,1,1,0,0,0
42,https://ClinicalTrials.gov/show/NCT00721045,1,1,0,0,0
43,https://ClinicalTrials.gov/show/NCT00731744,1,0,0,0,1
44,https://ClinicalTrials.gov/show/NCT00734396,1,0,0,1,0
45,https://ClinicalTrials.gov/show/NCT00749164,1,0,0,1,0
46,https://ClinicalTrials.gov/show/NCT00752479,1,0,0,0,1
47,https://ClinicalTrials.gov/show/NCT00759018,1,1,0,0,0
48,https://ClinicalTrials.gov/show/NCT00768066,1,0,1,0,0
49,https://ClinicalTrials.gov/show/NCT00781872,1,0,1,0,0
50,https://ClinicalTrials.gov/show/NCT00790413,1,0,0,0,1
51,https://ClinicalTrials.gov/show/NCT00790764,1,0,1,0,0
52,https://ClinicalTrials.gov/show/NCT00810212,1,1,0,0,0
53,https://ClinicalTrials.gov/show/NCT00813267,1,0,1,0,0
54,https://ClinicalTrials.gov/show/NCT00813969,1,0,1,0,0
55,https://ClinicalTrials.gov/show/NCT00816803,1,0,1,0,0
56,https://ClinicalTrials.gov/show/NCT00821470,1,0,1,0,0
57,https://ClinicalTrials.gov/show/NCT00823316,1,1,0,0,0
58,https://ClinicalTrials.gov/show/NCT00826046,1,1,0,0,0
59,https://ClinicalTrials.gov/show/NCT00827398,1,1,0,0,0
60,https://ClinicalTrials.gov/show/NCT00836732,1,0,0,0,1
61,https://ClinicalTrials.gov/show/NCT00850187,1,0,1,0,0
62,https://ClinicalTrials.gov/show/NCT00851162,1,0,0,0,1
63,https://ClinicalTrials.gov/show/NCT00875654,1,0,1,0,0
64,https://ClinicalTrials.gov/show/NCT00877903,1,1,0,0,0
65,https://ClinicalTrials.gov/show/NCT00883727,1,1,0,0,0
66,https://ClinicalTrials.gov/show/NCT00883870,1,1,0,0,0
67,https://ClinicalTrials.gov/show/NCT00885729,1,0,1,0,0
68,https://ClinicalTrials.gov/show/NCT00891501,1,0,1,0,0
69,https://ClinicalTrials.gov/show/NCT00908856,1,0,1,0,0
70,https://ClinicalTrials.gov/show/NCT00911365,1,0,1,0,0
71,https://ClinicalTrials.gov/show/NCT00913289,1,0,1,0,0
72,https://ClinicalTrials.gov/show/NCT00919958,1,1,0,0,0
73,https://ClinicalTrials.gov/show/NCT00951210,1,1,0,0,0
74,https://ClinicalTrials.gov/show/NCT00953485,1,1,0,0,0
75,https://ClinicalTrials.gov/show/NCT00955669,1,0,1,0,0
76,https://ClinicalTrials.gov/show/NCT00956891,1,0,1,0,0
77,https://ClinicalTrials.gov/show/NCT00957931,1,1,0,0,0
78,https://ClinicalTrials.gov/show/NCT00962923,1,1,0,0,0
79,https://ClinicalTrials.gov/show/NCT00972660,1,1,0,0,0
80,https://ClinicalTrials.gov/show/NCT00976287,1,0,1,0,0
81,https://ClinicalTrials.gov/show/NCT00976430,1,0,1,0,0
82,https://ClinicalTrials.gov/show/NCT00988338,1,1,0,0,0
83,https://ClinicalTrials.gov/show/NCT00993941,1,0,1,0,0
84,https://ClinicalTrials.gov/show/NCT01033552,1,1,0,0,0
85,https://ClinicalTrials.gov/show/NCT01038596,1,0,0,0,1
86,https://ClinicalTrials.gov/show/NCT01041001,1,1,0,0,0
87,https://ClinicalTrials.gov/show/NCT01045382,1,1,0,0,0
88,https://ClinicalTrials.gov/show/NCT01051882,1,0,1,0,0
89,https://ClinicalTrials.gov/show/NCT01056471,1,0,1,0,0
90,https://ClinicalTrials.gov/show/NCT01061099,1,0,0,0,1
91,https://ClinicalTrials.gov/show/NCT01061879,1,1,0,0,0
92,https://ClinicalTrials.gov/show/NCT01062750,1,0,1,0,0
93,https://ClinicalTrials.gov/show/NCT01065337,1,0,1,0,0
94,https://ClinicalTrials.gov/show/NCT01068951,1,0,1,0,0
95,https://ClinicalTrials.gov/show/NCT01071577,1,0,1,0,0
96,https://ClinicalTrials.gov/show/NCT01076920,1,0,0,0,1
97,https://ClinicalTrials.gov/show/NCT01087996,1,0,0,1,0
98,https://ClinicalTrials.gov/show/NCT01090817,1,0,0,0,1
99,https://ClinicalTrials.gov/show/NCT01091701,1,1,0,0,0
100,https://ClinicalTrials.gov/show/NCT01092026,1,1,0,0,0
101,https://ClinicalTrials.gov/show/NCT01129739,1,1,0,0,0
102,https://ClinicalTrials.gov/show/NCT01142050,1,0,0,0,1
103,https://ClinicalTrials.gov/show/NCT01142856,1,0,1,0,0
104,https://ClinicalTrials.gov/show/NCT01143168,1,0,0,1,0
105,https://ClinicalTrials.gov/show/NCT01144962,1,1,0,0,0
106,https://ClinicalTrials.gov/show/NCT01157403,1,0,1,0,0
107,https://ClinicalTrials.gov/show/NCT01157650,1,0,1,0,0
108,https://ClinicalTrials.gov/show/NCT01159899,1,0,1,0,0
109,https://ClinicalTrials.gov/show/NCT01162915,1,0,1,0,0
110,https://ClinicalTrials.gov/show/NCT01175655,1,0,0,0,1
111,https://ClinicalTrials.gov/show/NCT01182662,1,1,0,0,0
112,https://ClinicalTrials.gov/show/NCT01183728,1,0,1,0,0
113,https://ClinicalTrials.gov/show/NCT01206179,1,0,1,0,0
114,https://ClinicalTrials.gov/show/NCT01207193,1,0,0,0,1
115,https://ClinicalTrials.gov/show/NCT01207661,1,0,0,0,1
116,https://ClinicalTrials.gov/show/NCT01207869,1,1,0,0,0
117,https://ClinicalTrials.gov/show/NCT01210950,1,0,1,0,0
118,https://ClinicalTrials.gov/show/NCT01213186,1,1,0,0,0
119,https://ClinicalTrials.gov/show/NCT01213953,1,0,0,0,1
120,https://ClinicalTrials.gov/show/NCT01216865,1,1,0,0,0
121,https://ClinicalTrials.gov/show/NCT01218464,1,1,0,0,0
122,https://ClinicalTrials.gov/show/NCT01219452,1,1,0,0,0
123,https://ClinicalTrials.gov/show/NCT01219465,1,1,0,0,0
124,https://ClinicalTrials.gov/show/NCT01220492,1,0,0,1,0
125,https://ClinicalTrials.gov/show/NCT01221428,1,1,0,0,0
126,https://ClinicalTrials.gov/show/NCT01221454,1,1,0,0,0
127,https://ClinicalTrials.gov/show/NCT01222039,1,1,0,0,0
128,https://ClinicalTrials.gov/show/NCT01223664,1,1,0,0,0
129,https://ClinicalTrials.gov/show/NCT01224327,1,1,0,0,0
130,https://ClinicalTrials.gov/show/NCT01227694,1,0,1,0,0
131,https://ClinicalTrials.gov/show/NCT01228266,1,0,1,0,0
132,https://ClinicalTrials.gov/show/NCT01233102,1,1,0,0,0
133,https://ClinicalTrials.gov/show/NCT01233960,1,1,0,0,0
134,https://ClinicalTrials.gov/show/NCT01257776,1,0,1,0,0
135,https://ClinicalTrials.gov/show/NCT01274975,1,0,1,0,0
136,https://ClinicalTrials.gov/show/NCT01275612,1,0,0,0,1
137,https://ClinicalTrials.gov/show/NCT01290367,1,1,0,0,0
138,https://ClinicalTrials.gov/show/NCT01291329,1,1,0,0,0
139,https://ClinicalTrials.gov/show/NCT01297205,1,1,0,0,0
140,https://ClinicalTrials.gov/show/NCT01297218,1,1,0,0,0
141,https://ClinicalTrials.gov/show/NCT01297413,1,1,0,0,0
142,https://ClinicalTrials.gov/show/NCT01297972,1,1,0,0,0
143,https://ClinicalTrials.gov/show/NCT01300598,1,0,1,0,0
144,https://ClinicalTrials.gov/show/NCT01302015,1,0,1,0,0
145,https://ClinicalTrials.gov/show/NCT01305694,1,0,0,0,1
146,https://ClinicalTrials.gov/show/NCT01306513,1,0,1,0,0
147,https://ClinicalTrials.gov/show/NCT01309061,1,0,1,0,0
148,https://ClinicalTrials.gov/show/NCT01314092,1,0,1,0,0
149,https://ClinicalTrials.gov/show/NCT01318330,1,0,0,0,1
150,https://ClinicalTrials.gov/show/NCT01322789,1,0,0,0,1
151,https://ClinicalTrials.gov/show/NCT01322906,1,1,0,0,0
152,https://ClinicalTrials.gov/show/NCT01323894,1,0,0,0,1
153,https://ClinicalTrials.gov/show/NCT01325103,1,0,1,0,0
154,https://ClinicalTrials.gov/show/NCT01342250,1,1,0,0,0
155,https://ClinicalTrials.gov/show/NCT01343511,1,1,0,0,0
156,https://ClinicalTrials.gov/show/NCT01351610,1,0,1,0,0
157,https://ClinicalTrials.gov/show/NCT01360164,1,1,0,0,0
158,https://ClinicalTrials.gov/show/NCT01364246,1,1,0,0,0
159,https://ClinicalTrials.gov/show/NCT01374854,1,1,0,0,0
160,https://ClinicalTrials.gov/show/NCT01377870,1,0,1,0,0
161,https://ClinicalTrials.gov/show/NCT01378182,1,1,0,0,0
162,https://ClinicalTrials.gov/show/NCT01380847,1,1,0,0,0
163,https://ClinicalTrials.gov/show/NCT01385644,1,1,0,0,0
164,https://ClinicalTrials.gov/show/NCT01389661,1,0,1,0,0
165,https://ClinicalTrials.gov/show/NCT01392105,1,0,0,1,0
166,https://ClinicalTrials.gov/show/NCT01392625,1,0,0,1,0
167,https://ClinicalTrials.gov/show/NCT01393977,1,0,0,1,0
168,https://ClinicalTrials.gov/show/NCT01394432,1,0,1,0,0
169,https://ClinicalTrials.gov/show/NCT01399749,1,0,1,0,0
170,https://ClinicalTrials.gov/show/NCT01409954,1,0,0,0,1
171,https://ClinicalTrials.gov/show/NCT01413035,1,1,0,0,0
172,https://ClinicalTrials.gov/show/NCT01413061,1,0,0,1,0
173,https://ClinicalTrials.gov/show/NCT01420432,1,1,0,0,0
174,https://ClinicalTrials.gov/show/NCT01429012,1,0,1,0,0
175,https://ClinicalTrials.gov/show/NCT01429038,1,0,0,0,1
176,https://ClinicalTrials.gov/show/NCT01436058,1,0,1,0,0
177,https://ClinicalTrials.gov/show/NCT01440309,1,1,0,0,0
178,https://ClinicalTrials.gov/show/NCT01443689,1,1,0,0,0
179,https://ClinicalTrials.gov/show/NCT01446614,1,0,1,0,0
180,https://ClinicalTrials.gov/show/NCT01446640,1,0,1,0,0
181,https://ClinicalTrials.gov/show/NCT01448434,1,1,0,0,0
182,https://ClinicalTrials.gov/show/NCT01449032,1,0,0,0,1
183,https://ClinicalTrials.gov/show/NCT01453738,1,1,0,0,0
184,https://ClinicalTrials.gov/show/NCT01454336,1,0,1,0,0
185,https://ClinicalTrials.gov/show/NCT01456819,1,0,1,0,0
186,https://ClinicalTrials.gov/show/NCT01459640,1,0,1,0,0
187,https://ClinicalTrials.gov/show/NCT01460901,1,1,0,0,0
188,https://ClinicalTrials.gov/show/NCT01461720,1,0,1,0,0
189,https://ClinicalTrials.gov/show/NCT01463475,1,0,0,0,1
190,https://ClinicalTrials.gov/show/NCT01468064,1,0,1,0,0
191,https://ClinicalTrials.gov/show/NCT01483248,1,0,1,0,0
192,https://ClinicalTrials.gov/show/NCT01484574,1,1,0,0,0
193,https://ClinicalTrials.gov/show/NCT01489267,1,1,0,0,0
194,https://ClinicalTrials.gov/show/NCT01494480,1,1,0,0,0
195,https://ClinicalTrials.gov/show/NCT01496339,1,0,0,0,1
196,https://ClinicalTrials.gov/show/NCT01499056,1,0,0,0,1
197,https://ClinicalTrials.gov/show/NCT01499459,1,0,1,0,0
198,https://ClinicalTrials.gov/show/NCT01504464,1,0,0,0,1
199,https://ClinicalTrials.gov/show/NCT01510431,1,1,0,0,0
200,https://ClinicalTrials.gov/show/NCT01510795,1,1,0,0,0
201,https://ClinicalTrials.gov/show/NCT01513694,1,0,1,0,0
202,https://ClinicalTrials.gov/show/NCT01522716,1,0,0,0,1
203,https://ClinicalTrials.gov/show/NCT01526850,1,1,0,0,0
204,https://ClinicalTrials.gov/show/NCT01529008,1,0,1,0,0
205,https://ClinicalTrials.gov/show/NCT01531348,1,0,0,0,1
206,https://ClinicalTrials.gov/show/NCT01532076,1,0,1,0,0
207,https://ClinicalTrials.gov/show/NCT01539902,1,1,0,0,0
208,https://ClinicalTrials.gov/show/NCT01540292,1,1,0,0,0
209,https://ClinicalTrials.gov/show/NCT01541579,1,1,0,0,0
210,https://ClinicalTrials.gov/show/NCT01544712,1,0,1,0,0
211,https://ClinicalTrials.gov/show/NCT01547091,1,1,0,0,0
212,https://ClinicalTrials.gov/show/NCT01547689,1,1,0,0,0
213,https://ClinicalTrials.gov/show/NCT01548092,1,0,1,0,0
214,https://ClinicalTrials.gov/show/NCT01549665,1,0,0,1,0
215,https://ClinicalTrials.gov/show/NCT01552707,1,0,0,1,0
216,https://ClinicalTrials.gov/show/NCT01557543,1,0,1,0,0
217,https://ClinicalTrials.gov/show/NCT01558908,1,1,0,0,0
218,https://ClinicalTrials.gov/show/NCT01562002,1,1,0,0,0
219,https://ClinicalTrials.gov/show/NCT01573923,1,1,0,0,0
220,https://ClinicalTrials.gov/show/NCT01576328,1,1,0,0,0
221,https://ClinicalTrials.gov/show/NCT01585857,1,0,1,0,0
222,https://ClinicalTrials.gov/show/NCT01586312,1,0,0,1,0
223,https://ClinicalTrials.gov/show/NCT01589549,1,1,0,0,0
224,https://ClinicalTrials.gov/show/NCT01591200,1,1,0,0,0
225,https://ClinicalTrials.gov/show/NCT01602328,1,1,0,0,0
226,https://ClinicalTrials.gov/show/NCT01603836,1,0,0,1,0
227,https://ClinicalTrials.gov/show/NCT01605383,1,0,0,1,0
228,https://ClinicalTrials.gov/show/NCT01606215,1,0,1,0,0
229,https://ClinicalTrials.gov/show/NCT01609283,1,0,1,0,0
230,https://ClinicalTrials.gov/show/NCT01610440,1,1,0,0,0
231,https://ClinicalTrials.gov/show/NCT01623453,1,0,1,0,0
232,https://ClinicalTrials.gov/show/NCT01624701,1,1,0,0,0
233,https://ClinicalTrials.gov/show/NCT01624779,1,0,1,0,0
234,https://ClinicalTrials.gov/show/NCT01626625,1,0,0,0,1
235,https://ClinicalTrials.gov/show/NCT01626677,1,1,0,0,0
236,https://ClinicalTrials.gov/show/NCT01632475,1,1,0,0,0
237,https://ClinicalTrials.gov/show/NCT01643655,1,0,1,0,0
238,https://ClinicalTrials.gov/show/NCT01643681,1,0,1,0,0
239,https://ClinicalTrials.gov/show/NCT01649687,1,1,0,0,0
240,https://ClinicalTrials.gov/show/NCT01649700,1,0,1,0,0
241,https://ClinicalTrials.gov/show/NCT01649752,1,1,0,0,0
242,https://ClinicalTrials.gov/show/NCT01652209,1,0,1,0,0
243,https://ClinicalTrials.gov/show/NCT01659762,1,0,1,0,0
244,https://ClinicalTrials.gov/show/NCT01661842,1,1,0,0,0
245,https://ClinicalTrials.gov/show/NCT01662973,1,1,0,0,0
246,https://ClinicalTrials.gov/show/NCT01663116,1,1,0,0,0
247,https://ClinicalTrials.gov/show/NCT01663376,1,0,1,0,0
248,https://ClinicalTrials.gov/show/NCT01668576,1,0,0,0,1
249,https://ClinicalTrials.gov/show/NCT01676441,1,0,1,0,0
250,https://ClinicalTrials.gov/show/NCT01678534,1,1,0,0,0
251,https://ClinicalTrials.gov/show/NCT01686139,1,0,0,1,0
252,https://ClinicalTrials.gov/show/NCT01687777,1,0,1,0,0
253,https://ClinicalTrials.gov/show/NCT01690247,1,1,0,0,0
254,https://ClinicalTrials.gov/show/NCT01694927,1,0,1,0,0
255,https://ClinicalTrials.gov/show/NCT01696591,1,1,0,0,0
256,https://ClinicalTrials.gov/show/NCT01700920,1,0,1,0,0
257,https://ClinicalTrials.gov/show/NCT01709279,1,0,1,0,0
258,https://ClinicalTrials.gov/show/NCT01709656,1,0,0,0,1
259,https://ClinicalTrials.gov/show/NCT01714167,1,0,1,0,0
260,https://ClinicalTrials.gov/show/NCT01716481,1,0,1,0,0
261,https://ClinicalTrials.gov/show/NCT01719640,1,0,1,0,0
262,https://ClinicalTrials.gov/show/NCT01720888,1,0,1,0,0
263,https://ClinicalTrials.gov/show/NCT01724398,1,1,0,0,0
264,https://ClinicalTrials.gov/show/NCT01725698,1,0,0,0,1
265,https://ClinicalTrials.gov/show/NCT01728727,1,1,0,0,0
266,https://ClinicalTrials.gov/show/NCT01730547,1,0,1,0,0
267,https://ClinicalTrials.gov/show/NCT01733186,1,1,0,0,0
268,https://ClinicalTrials.gov/show/NCT01739504,1,0,1,0,0
269,https://ClinicalTrials.gov/show/NCT01739777,1,0,0,1,0
270,https://ClinicalTrials.gov/show/NCT01741090,1,0,1,0,0
271,https://ClinicalTrials.gov/show/NCT01741857,1,1,0,0,0
272,https://ClinicalTrials.gov/show/NCT01742260,1,0,1,0,0
273,https://ClinicalTrials.gov/show/NCT01742533,1,1,0,0,0
274,https://ClinicalTrials.gov/show/NCT01745744,1,0,0,0,1
275,https://ClinicalTrials.gov/show/NCT01745783,1,0,1,0,0
276,https://ClinicalTrials.gov/show/NCT01751282,1,0,1,0,0
277,https://ClinicalTrials.gov/show/NCT01753440,1,1,0,0,0
278,https://ClinicalTrials.gov/show/NCT01754454,1,1,0,0,0
279,https://ClinicalTrials.gov/show/NCT01758055,1,0,1,0,0
280,https://ClinicalTrials.gov/show/NCT01759212,1,1,0,0,0
281,https://ClinicalTrials.gov/show/NCT01759784,1,0,0,0,1
282,https://ClinicalTrials.gov/show/NCT01759797,1,0,0,0,1
283,https://ClinicalTrials.gov/show/NCT01759823,1,0,1,0,0
284,https://ClinicalTrials.gov/show/NCT01763086,1,1,0,0,0
285,https://ClinicalTrials.gov/show/NCT01763099,1,0,1,0,0
286,https://ClinicalTrials.gov/show/NCT01764100,1,0,0,0,1
287,https://ClinicalTrials.gov/show/NCT01765634,1,0,0,0,1
288,https://ClinicalTrials.gov/show/NCT01765660,1,0,0,0,1
289,https://ClinicalTrials.gov/show/NCT01768702,1,0,1,0,0
290,https://ClinicalTrials.gov/show/NCT01769872,1,0,1,0,0
291,https://ClinicalTrials.gov/show/NCT01770613,1,1,0,0,0
292,https://ClinicalTrials.gov/show/NCT01771640,1,0,1,0,0
293,https://ClinicalTrials.gov/show/NCT01771679,1,1,0,0,0
294,https://ClinicalTrials.gov/show/NCT01775774,1,1,0,0,0
295,https://ClinicalTrials.gov/show/NCT01777646,1,0,1,0,0
296,https://ClinicalTrials.gov/show/NCT01781390,1,1,0,0,0
297,https://ClinicalTrials.gov/show/NCT01788059,1,0,0,0,1
298,https://ClinicalTrials.gov/show/NCT01795950,1,1,0,0,0
299,https://ClinicalTrials.gov/show/NCT01803347,1,0,1,0,0
300,https://ClinicalTrials.gov/show/NCT01804153,1,0,1,0,0
301,https://ClinicalTrials.gov/show/NCT01809769,1,0,1,0,0
302,https://ClinicalTrials.gov/show/NCT01824069,1,0,1,0,0
303,https://ClinicalTrials.gov/show/NCT01824121,1,0,1,0,0
304,https://ClinicalTrials.gov/show/NCT01828957,1,1,0,0,0
305,https://ClinicalTrials.gov/show/NCT01840540,1,0,1,0,0
306,https://ClinicalTrials.gov/show/NCT01842477,1,0,1,0,0
307,https://ClinicalTrials.gov/show/NCT01843387,1,1,0,0,0
308,https://ClinicalTrials.gov/show/NCT01844063,1,1,0,0,0
309,https://ClinicalTrials.gov/show/NCT01844661,1,0,1,0,0
310,https://ClinicalTrials.gov/show/NCT01849159,1,1,0,0,0
311,https://ClinicalTrials.gov/show/NCT01849237,1,0,0,0,1
312,https://ClinicalTrials.gov/show/NCT01849887,1,1,0,0,0
313,https://ClinicalTrials.gov/show/NCT01851070,1,1,0,0,0
314,https://ClinicalTrials.gov/show/NCT01854125,1,0,1,0,0
315,https://ClinicalTrials.gov/show/NCT01854567,1,1,0,0,0
316,https://ClinicalTrials.gov/show/NCT01854957,1,0,1,0,0
317,https://ClinicalTrials.gov/show/NCT01856140,1,1,0,0,0
318,https://ClinicalTrials.gov/show/NCT01860417,1,0,0,1,0
319,https://ClinicalTrials.gov/show/NCT01860495,1,0,0,0,1
320,https://ClinicalTrials.gov/show/NCT01872624,1,0,0,0,1
321,https://ClinicalTrials.gov/show/NCT01873547,1,0,0,1,0
322,https://ClinicalTrials.gov/show/NCT01873625,1,0,0,0,1
323,https://ClinicalTrials.gov/show/NCT01874015,1,0,0,0,1
324,https://ClinicalTrials.gov/show/NCT01875081,1,0,1,0,0
325,https://ClinicalTrials.gov/show/NCT01877759,1,0,0,1,0
326,https://ClinicalTrials.gov/show/NCT01879046,1,0,0,0,1
327,https://ClinicalTrials.gov/show/NCT01895413,1,0,1,0,0
328,https://ClinicalTrials.gov/show/NCT01895439,1,0,1,0,0
329,https://ClinicalTrials.gov/show/NCT01897987,1,1,0,0,0
330,https://ClinicalTrials.gov/show/NCT01902082,1,1,0,0,0
331,https://ClinicalTrials.gov/show/NCT01909154,1,0,1,0,0
332,https://ClinicalTrials.gov/show/NCT01913886,1,0,1,0,0
333,https://ClinicalTrials.gov/show/NCT01914887,1,1,0,0,0
334,https://ClinicalTrials.gov/show/NCT01915927,1,0,1,0,0
335,https://ClinicalTrials.gov/show/NCT01919827,1,0,1,0,0
336,https://ClinicalTrials.gov/show/NCT01920867,1,0,1,0,0
337,https://ClinicalTrials.gov/show/NCT01922908,1,1,0,0,0
338,https://ClinicalTrials.gov/show/NCT01926327,1,0,1,0,0
339,https://ClinicalTrials.gov/show/NCT01929434,1,1,0,0,0
340,https://ClinicalTrials.gov/show/NCT01931007,1,0,1,0,0
341,https://ClinicalTrials.gov/show/NCT01932164,1,0,1,0,0
342,https://ClinicalTrials.gov/show/NCT01933802,1,0,1,0,0
343,https://ClinicalTrials.gov/show/NCT01941394,1,1,0,0,0
344,https://ClinicalTrials.gov/show/NCT01946048,1,1,0,0,0
345,https://ClinicalTrials.gov/show/NCT01954147,1,1,0,0,0
346,https://ClinicalTrials.gov/show/NCT01956903,1,1,0,0,0
347,https://ClinicalTrials.gov/show/NCT01957826,1,0,1,0,0
348,https://ClinicalTrials.gov/show/NCT01958502,1,0,0,0,1
349,https://ClinicalTrials.gov/show/NCT01962233,1,1,0,0,0
350,https://ClinicalTrials.gov/show/NCT01967186,1,0,0,0,1
351,https://ClinicalTrials.gov/show/NCT01981330,1,0,1,0,0
352,https://ClinicalTrials.gov/show/NCT01983709,1,1,0,0,0
353,https://ClinicalTrials.gov/show/NCT01984450,1,0,1,0,0
354,https://ClinicalTrials.gov/show/NCT01985464,1,1,0,0,0
355,https://ClinicalTrials.gov/show/NCT01985633,1,0,1,0,0
356,https://ClinicalTrials.gov/show/NCT01993368,1,0,0,0,1
357,https://ClinicalTrials.gov/show/NCT02000362,1,0,0,0,1
358,https://ClinicalTrials.gov/show/NCT02003131,1,1,0,0,0
359,https://ClinicalTrials.gov/show/NCT02012153,1,0,1,0,0
360,https://ClinicalTrials.gov/show/NCT02013674,1,1,0,0,0
361,https://ClinicalTrials.gov/show/NCT02013700,1,1,0,0,0
362,https://ClinicalTrials.gov/show/NCT02016508,1,0,1,0,0
363,https://ClinicalTrials.gov/show/NCT02017912,1,0,1,0,0
364,https://ClinicalTrials.gov/show/NCT02023788,1,1,0,0,0
365,https://ClinicalTrials.gov/show/NCT02025270,1,0,1,0,0
366,https://ClinicalTrials.gov/show/NCT02032004,1,1,0,0,0
367,https://ClinicalTrials.gov/show/NCT02032446,1,1,0,0,0
368,https://ClinicalTrials.gov/show/NCT02033525,1,0,1,0,0
369,https://ClinicalTrials.gov/show/NCT02034188,1,1,0,0,0
370,https://ClinicalTrials.gov/show/NCT02034786,1,0,1,0,0
371,https://ClinicalTrials.gov/show/NCT02035514,1,0,1,0,0
372,https://ClinicalTrials.gov/show/NCT02037204,1,0,0,1,0
373,https://ClinicalTrials.gov/show/NCT02045745,1,0,1,0,0
374,https://ClinicalTrials.gov/show/NCT02054208,1,1,0,0,0
375,https://ClinicalTrials.gov/show/NCT02055625,1,1,0,0,0
376,https://ClinicalTrials.gov/show/NCT02057211,1,0,1,0,0
377,https://ClinicalTrials.gov/show/NCT02057965,1,0,1,0,0
378,https://ClinicalTrials.gov/show/NCT02062931,1,0,1,0,0
379,https://ClinicalTrials.gov/show/NCT02064062,1,0,1,0,0
380,https://ClinicalTrials.gov/show/NCT02065167,1,0,1,0,0
381,https://ClinicalTrials.gov/show/NCT02065245,1,1,0,0,0
382,https://ClinicalTrials.gov/show/NCT02068794,1,0,0,0,1
383,https://ClinicalTrials.gov/show/NCT02079324,1,0,0,0,1
384,https://ClinicalTrials.gov/show/NCT02083718,1,1,0,0,0
385,https://ClinicalTrials.gov/show/NCT02083731,1,1,0,0,0
386,https://ClinicalTrials.gov/show/NCT02097641,1,1,0,0,0
387,https://ClinicalTrials.gov/show/NCT02104440,1,1,0,0,0
388,https://ClinicalTrials.gov/show/NCT02104713,1,1,0,0,0
389,https://ClinicalTrials.gov/show/NCT02107118,1,0,1,0,0
390,https://ClinicalTrials.gov/show/NCT02108132,1,1,0,0,0
391,https://ClinicalTrials.gov/show/NCT02112500,1,0,0,0,1
392,https://ClinicalTrials.gov/show/NCT02116634,1,0,0,0,1
393,https://ClinicalTrials.gov/show/NCT02118519,1,0,1,0,0
394,https://ClinicalTrials.gov/show/NCT02123368,1,0,1,0,0
395,https://ClinicalTrials.gov/show/NCT02135380,1,0,1,0,0
396,https://ClinicalTrials.gov/show/NCT02138331,1,1,0,0,0
397,https://ClinicalTrials.gov/show/NCT02140528,1,1,0,0,0
398,https://ClinicalTrials.gov/show/NCT02145897,1,0,1,0,0
399,https://ClinicalTrials.gov/show/NCT02145923,1,0,0,1,0
400,https://ClinicalTrials.gov/show/NCT02150551,1,1,0,0,0
401,https://ClinicalTrials.gov/show/NCT02152657,1,0,1,0,0
402,https://ClinicalTrials.gov/show/NCT02161003,1,0,0,0,1
403,https://ClinicalTrials.gov/show/NCT02162693,1,0,1,0,0
404,https://ClinicalTrials.gov/show/NCT02165904,1,0,1,0,0
405,https://ClinicalTrials.gov/show/NCT02166021,1,0,1,0,0
406,https://ClinicalTrials.gov/show/NCT02166489,1,0,1,0,0
407,https://ClinicalTrials.gov/show/NCT02172885,1,0,0,0,1
408,https://ClinicalTrials.gov/show/NCT02177565,1,0,1,0,0
409,https://ClinicalTrials.gov/show/NCT02181478,1,1,0,0,0
410,https://ClinicalTrials.gov/show/NCT02181712,1,0,0,0,1
411,https://ClinicalTrials.gov/show/NCT02192736,1,1,0,0,0
412,https://ClinicalTrials.gov/show/NCT02192749,1,1,0,0,0
413,https://ClinicalTrials.gov/show/NCT02195323,1,0,1,0,0
414,https://ClinicalTrials.gov/show/NCT02208713,1,0,1,0,0
415,https://ClinicalTrials.gov/show/NCT02209311,1,0,1,0,0
416,https://ClinicalTrials.gov/show/NCT02210624,1,0,1,0,0
417,https://ClinicalTrials.gov/show/NCT02213705,1,1,0,0,0
418,https://ClinicalTrials.gov/show/NCT02215811,1,1,0,0,0
419,https://ClinicalTrials.gov/show/NCT02218437,1,1,0,0,0
420,https://ClinicalTrials.gov/show/NCT02223897,1,1,0,0,0
421,https://ClinicalTrials.gov/show/NCT02230514,1,0,0,1,0
422,https://ClinicalTrials.gov/show/NCT02235844,1,1,0,0,0
423,https://ClinicalTrials.gov/show/NCT02237547,1,1,0,0,0
424,https://ClinicalTrials.gov/show/NCT02237846,1,1,0,0,0
425,https://ClinicalTrials.gov/show/NCT02239393,1,0,1,0,0
426,https://ClinicalTrials.gov/show/NCT02240992,1,1,0,0,0
427,https://ClinicalTrials.gov/show/NCT02241018,1,1,0,0,0
428,https://ClinicalTrials.gov/show/NCT02247973,1,0,0,0,1
429,https://ClinicalTrials.gov/show/NCT02249676,1,0,1,0,0
430,https://ClinicalTrials.gov/show/NCT02260375,1,1,0,0,0
431,https://ClinicalTrials.gov/show/NCT02266394,1,0,0,0,1
432,https://ClinicalTrials.gov/show/NCT02270307,1,1,0,0,0
433,https://ClinicalTrials.gov/show/NCT02274428,1,1,0,0,0
434,https://ClinicalTrials.gov/show/NCT02277145,1,1,0,0,0
435,https://ClinicalTrials.gov/show/NCT02283879,1,1,0,0,0
436,https://ClinicalTrials.gov/show/NCT02285673,1,1,0,0,0
437,https://ClinicalTrials.gov/show/NCT02286128,1,0,0,0,1
438,https://ClinicalTrials.gov/show/NCT02287831,1,1,0,0,0
439,https://ClinicalTrials.gov/show/NCT02287974,1,0,1,0,0
440,https://ClinicalTrials.gov/show/NCT02290041,1,1,0,0,0
441,https://ClinicalTrials.gov/show/NCT02290886,1,0,1,0,0
442,https://ClinicalTrials.gov/show/NCT02291770,1,0,0,0,1
443,https://ClinicalTrials.gov/show/NCT02291926,1,1,0,0,0
444,https://ClinicalTrials.gov/show/NCT02292628,1,0,1,0,0
445,https://ClinicalTrials.gov/show/NCT02298023,1,1,0,0,0
446,https://ClinicalTrials.gov/show/NCT02302599,1,1,0,0,0
447,https://ClinicalTrials.gov/show/NCT02304562,1,1,0,0,0
448,https://ClinicalTrials.gov/show/NCT02304588,1,0,1,0,0
449,https://ClinicalTrials.gov/show/NCT02307435,1,1,0,0,0
450,https://ClinicalTrials.gov/show/NCT02313415,1,1,0,0,0
451,https://ClinicalTrials.gov/show/NCT02315027,1,0,1,0,0
452,https://ClinicalTrials.gov/show/NCT02323477,1,0,0,1,0
453,https://ClinicalTrials.gov/show/NCT02323789,1,1,0,0,0
454,https://ClinicalTrials.gov/show/NCT02325843,1,0,0,0,1
455,https://ClinicalTrials.gov/show/NCT02326935,1,0,1,0,0
456,https://ClinicalTrials.gov/show/NCT02327832,1,0,1,0,0
457,https://ClinicalTrials.gov/show/NCT02328612,1,1,0,0,0
458,https://ClinicalTrials.gov/show/NCT02330978,1,0,1,0,0
459,https://ClinicalTrials.gov/show/NCT02331134,1,0,0,0,1
460,https://ClinicalTrials.gov/show/NCT02334878,1,0,1,0,0
461,https://ClinicalTrials.gov/show/NCT02336230,1,1,0,0,0
462,https://ClinicalTrials.gov/show/NCT02336646,1,1,0,0,0
463,https://ClinicalTrials.gov/show/NCT02338271,1,0,1,0,0
464,https://ClinicalTrials.gov/show/NCT02338375,1,1,0,0,0
465,https://ClinicalTrials.gov/show/NCT02344849,1,0,1,0,0
466,https://ClinicalTrials.gov/show/NCT02351011,1,0,1,0,0
467,https://ClinicalTrials.gov/show/NCT02352077,1,0,0,0,1
468,https://ClinicalTrials.gov/show/NCT02359929,1,0,0,1,0
469,https://ClinicalTrials.gov/show/NCT02365142,1,0,1,0,0
470,https://ClinicalTrials.gov/show/NCT02368587,1,1,0,0,0
471,https://ClinicalTrials.gov/show/NCT02372474,1,0,1,0,0
472,https://ClinicalTrials.gov/show/NCT02375568,1,0,0,0,1
473,https://ClinicalTrials.gov/show/NCT02378974,1,1,0,0,0
474,https://ClinicalTrials.gov/show/NCT02379442,1,1,0,0,0
475,https://ClinicalTrials.gov/show/NCT02381366,1,1,0,0,0
476,https://ClinicalTrials.gov/show/NCT02382874,1,1,0,0,0
477,https://ClinicalTrials.gov/show/NCT02384018,1,0,1,0,0
478,https://ClinicalTrials.gov/show/NCT02384499,1,1,0,0,0
479,https://ClinicalTrials.gov/show/NCT02387151,1,1,0,0,0
480,https://ClinicalTrials.gov/show/NCT02387723,1,1,0,0,0
481,https://ClinicalTrials.gov/show/NCT02387749,1,0,0,0,1
482,https://ClinicalTrials.gov/show/NCT02394873,1,1,0,0,0
483,https://ClinicalTrials.gov/show/NCT02394886,1,1,0,0,0
484,https://ClinicalTrials.gov/show/NCT02395029,1,1,0,0,0
485,https://ClinicalTrials.gov/show/NCT02396056,1,1,0,0,0
486,https://ClinicalTrials.gov/show/NCT02398370,1,1,0,0,0
487,https://ClinicalTrials.gov/show/NCT02398604,1,1,0,0,0
488,https://ClinicalTrials.gov/show/NCT02403232,1,0,0,1,0
489,https://ClinicalTrials.gov/show/NCT02403947,1,0,0,0,1
490,https://ClinicalTrials.gov/show/NCT02407470,1,1,0,0,0
491,https://ClinicalTrials.gov/show/NCT02408432,1,1,0,0,0
492,https://ClinicalTrials.gov/show/NCT02409940,1,0,0,1,0
493,https://ClinicalTrials.gov/show/NCT02410239,1,0,0,0,1
494,https://ClinicalTrials.gov/show/NCT02414295,1,0,0,0,1
495,https://ClinicalTrials.gov/show/NCT02418325,1,1,0,0,0
496,https://ClinicalTrials.gov/show/NCT02421484,1,1,0,0,0
497,https://ClinicalTrials.gov/show/NCT02439541,1,1,0,0,0
498,https://ClinicalTrials.gov/show/NCT02440074,1,0,1,0,0
499,https://ClinicalTrials.gov/show/NCT02442037,1,1,0,0,0
500,https://ClinicalTrials.gov/show/NCT02442817,1,0,0,0,1
501,https://ClinicalTrials.gov/show/NCT02443961,1,0,0,0,1
502,https://ClinicalTrials.gov/show/NCT02444455,1,1,0,0,0
503,https://ClinicalTrials.gov/show/NCT02444858,1,1,0,0,0
504,https://ClinicalTrials.gov/show/NCT02445547,1,0,0,1,0
505,https://ClinicalTrials.gov/show/NCT02448121,1,0,1,0,0
506,https://ClinicalTrials.gov/show/NCT02448849,1,0,1,0,0
507,https://ClinicalTrials.gov/show/NCT02449005,1,0,1,0,0
508,https://ClinicalTrials.gov/show/NCT02460770,1,0,1,0,0
509,https://ClinicalTrials.gov/show/NCT02462330,1,0,1,0,0
510,https://ClinicalTrials.gov/show/NCT02467387,1,1,0,0,0
511,https://ClinicalTrials.gov/show/NCT02468492,1,0,0,0,1
512,https://ClinicalTrials.gov/show/NCT02472002,1,0,1,0,0
513,https://ClinicalTrials.gov/show/NCT02474342,1,0,1,0,0
514,https://ClinicalTrials.gov/show/NCT02477540,1,0,1,0,0
515,https://ClinicalTrials.gov/show/NCT02481440,1,1,0,0,0
516,https://ClinicalTrials.gov/show/NCT02482194,1,0,1,0,0
517,https://ClinicalTrials.gov/show/NCT02483364,1,0,0,1,0
518,https://ClinicalTrials.gov/show/NCT02484560,1,1,0,0,0
519,https://ClinicalTrials.gov/show/NCT02484950,1,0,0,0,1
520,https://ClinicalTrials.gov/show/NCT02490020,1,0,0,0,1
521,https://ClinicalTrials.gov/show/NCT02491658,1,1,0,0,0
522,https://ClinicalTrials.gov/show/NCT02492308,1,0,1,0,0
523,https://ClinicalTrials.gov/show/NCT02492490,1,0,0,1,0
524,https://ClinicalTrials.gov/show/NCT02492516,1,0,0,0,1
525,https://ClinicalTrials.gov/show/NCT02494752,1,0,1,0,0
526,https://ClinicalTrials.gov/show/NCT02495766,1,0,1,0,0
527,https://ClinicalTrials.gov/show/NCT02497443,1,0,1,0,0
528,https://ClinicalTrials.gov/show/NCT02501811,1,0,1,0,0
529,https://ClinicalTrials.gov/show/NCT02503280,1,0,1,0,0
530,https://ClinicalTrials.gov/show/NCT02504437,1,0,1,0,0
531,https://ClinicalTrials.gov/show/NCT02509156,1,1,0,0,0
532,https://ClinicalTrials.gov/show/NCT02513238,1,0,1,0,0
533,https://ClinicalTrials.gov/show/NCT02529566,1,0,0,0,1
534,https://ClinicalTrials.gov/show/NCT02530047,1,0,0,0,1
535,https://ClinicalTrials.gov/show/NCT02543073,1,1,0,0,0
536,https://ClinicalTrials.gov/show/NCT02544802,1,0,1,0,0
537,https://ClinicalTrials.gov/show/NCT02557724,1,0,0,0,1
538,https://ClinicalTrials.gov/show/NCT02561767,1,1,0,0,0
539,https://ClinicalTrials.gov/show/NCT02563340,1,1,0,0,0
540,https://ClinicalTrials.gov/show/NCT02563366,1,1,0,0,0
541,https://ClinicalTrials.gov/show/NCT02564328,1,0,1,0,0
542,https://ClinicalTrials.gov/show/NCT02565459,1,0,0,0,1
543,https://ClinicalTrials.gov/show/NCT02566655,1,0,1,0,0
544,https://ClinicalTrials.gov/show/NCT02566681,1,0,1,0,0
545,https://ClinicalTrials.gov/show/NCT02570932,1,0,1,0,0
546,https://ClinicalTrials.gov/show/NCT02574572,1,0,1,0,0
547,https://ClinicalTrials.gov/show/NCT02574585,1,0,1,0,0
548,https://ClinicalTrials.gov/show/NCT02579148,1,1,0,0,0
549,https://ClinicalTrials.gov/show/NCT02579369,1,1,0,0,0
550,https://ClinicalTrials.gov/show/NCT02580019,1,1,0,0,0
551,https://ClinicalTrials.gov/show/NCT02580617,1,1,0,0,0
552,https://ClinicalTrials.gov/show/NCT02580695,1,1,0,0,0
553,https://ClinicalTrials.gov/show/NCT02582775,1,1,0,0,0
554,https://ClinicalTrials.gov/show/NCT02585622,1,1,0,0,0
555,https://ClinicalTrials.gov/show/NCT02587572,1,1,0,0,0
556,https://ClinicalTrials.gov/show/NCT02587715,1,1,0,0,0
557,https://ClinicalTrials.gov/show/NCT02589119,1,0,1,0,0
558,https://ClinicalTrials.gov/show/NCT02594839,1,1,0,0,0
559,https://ClinicalTrials.gov/show/NCT02600130,1,1,0,0,0
560,https://ClinicalTrials.gov/show/NCT02603744,1,0,1,0,0
561,https://ClinicalTrials.gov/show/NCT02611167,1,1,0,0,0
562,https://ClinicalTrials.gov/show/NCT02619734,1,0,1,0,0
563,https://ClinicalTrials.gov/show/NCT02619851,1,1,0,0,0
564,https://ClinicalTrials.gov/show/NCT02619877,1,1,0,0,0
565,https://ClinicalTrials.gov/show/NCT02622464,1,0,1,0,0
566,https://ClinicalTrials.gov/show/NCT02625246,1,1,0,0,0
567,https://ClinicalTrials.gov/show/NCT02630836,1,1,0,0,0
568,https://ClinicalTrials.gov/show/NCT02633163,1,1,0,0,0
569,https://ClinicalTrials.gov/show/NCT02635464,1,1,0,0,0
570,https://ClinicalTrials.gov/show/NCT02641769,1,0,1,0,0
571,https://ClinicalTrials.gov/show/NCT02641860,1,1,0,0,0
572,https://ClinicalTrials.gov/show/NCT02643823,1,1,0,0,0
573,https://ClinicalTrials.gov/show/NCT02644447,1,1,0,0,0
574,https://ClinicalTrials.gov/show/NCT02645305,1,0,1,0,0
575,https://ClinicalTrials.gov/show/NCT02646007,1,0,1,0,0
576,https://ClinicalTrials.gov/show/NCT02648386,1,0,0,1,0
577,https://ClinicalTrials.gov/show/NCT02652351,1,1,0,0,0
578,https://ClinicalTrials.gov/show/NCT02658344,1,0,1,0,0
579,https://ClinicalTrials.gov/show/NCT02666391,1,1,0,0,0
580,https://ClinicalTrials.gov/show/NCT02668068,1,1,0,0,0
581,https://ClinicalTrials.gov/show/NCT02669199,1,1,0,0,0
582,https://ClinicalTrials.gov/show/NCT02672267,1,1,0,0,0
583,https://ClinicalTrials.gov/show/NCT02672280,1,1,0,0,0
584,https://ClinicalTrials.gov/show/NCT02672306,1,1,0,0,0
585,https://ClinicalTrials.gov/show/NCT02674399,1,0,1,0,0
586,https://ClinicalTrials.gov/show/NCT02675556,1,1,0,0,0
587,https://ClinicalTrials.gov/show/NCT02677350,1,1,0,0,0
588,https://ClinicalTrials.gov/show/NCT02685098,1,1,0,0,0
589,https://ClinicalTrials.gov/show/NCT02685722,1,1,0,0,0
590,https://ClinicalTrials.gov/show/NCT02687646,1,1,0,0,0
591,https://ClinicalTrials.gov/show/NCT02688049,1,0,0,0,1
592,https://ClinicalTrials.gov/show/NCT02696876,1,0,1,0,0
593,https://ClinicalTrials.gov/show/NCT02698813,1,1,0,0,0
594,https://ClinicalTrials.gov/show/NCT02705742,1,0,1,0,0
595,https://ClinicalTrials.gov/show/NCT02706132,1,0,0,0,1
596,https://ClinicalTrials.gov/show/NCT02709343,1,1,0,0,0
597,https://ClinicalTrials.gov/show/NCT02728115,1,0,0,0,1
598,https://ClinicalTrials.gov/show/NCT02731586,1,1,0,0,0
599,https://ClinicalTrials.gov/show/NCT02742857,1,0,0,0,1
600,https://ClinicalTrials.gov/show/NCT02745366,1,1,0,0,0
601,https://ClinicalTrials.gov/show/NCT02745379,1,1,0,0,0
602,https://ClinicalTrials.gov/show/NCT02745808,1,1,0,0,0
603,https://ClinicalTrials.gov/show/NCT02749448,1,0,0,1,0
604,https://ClinicalTrials.gov/show/NCT02751125,1,0,1,0,0
605,https://ClinicalTrials.gov/show/NCT02755376,1,1,0,0,0
606,https://ClinicalTrials.gov/show/NCT02755922,1,0,1,0,0
607,https://ClinicalTrials.gov/show/NCT02763423,1,1,0,0,0
608,https://ClinicalTrials.gov/show/NCT02763748,1,0,0,0,1
609,https://ClinicalTrials.gov/show/NCT02767817,1,0,0,0,1
610,https://ClinicalTrials.gov/show/NCT02770430,1,0,0,0,1
611,https://ClinicalTrials.gov/show/NCT02772289,1,0,0,0,1
612,https://ClinicalTrials.gov/show/NCT02776943,1,1,0,0,0
613,https://ClinicalTrials.gov/show/NCT02779374,1,0,0,1,0
614,https://ClinicalTrials.gov/show/NCT02786017,1,1,0,0,0
615,https://ClinicalTrials.gov/show/NCT02789995,1,0,0,0,1
616,https://ClinicalTrials.gov/show/NCT02790762,1,1,0,0,0
617,https://ClinicalTrials.gov/show/NCT02796079,1,0,1,0,0
618,https://ClinicalTrials.gov/show/NCT02801890,1,0,1,0,0
619,https://ClinicalTrials.gov/show/NCT02804945,1,0,0,0,1
620,https://ClinicalTrials.gov/show/NCT02805855,1,0,1,0,0
621,https://ClinicalTrials.gov/show/NCT02807389,1,0,1,0,0
622,https://ClinicalTrials.gov/show/NCT02808208,1,0,1,0,0
623,https://ClinicalTrials.gov/show/NCT02809781,1,0,0,0,1
624,https://ClinicalTrials.gov/show/NCT02812121,1,1,0,0,0
625,https://ClinicalTrials.gov/show/NCT02814864,1,0,0,0,1
626,https://ClinicalTrials.gov/show/NCT02815423,1,1,0,0,0
627,https://ClinicalTrials.gov/show/NCT02824393,1,0,1,0,0
628,https://ClinicalTrials.gov/show/NCT02824653,1,1,0,0,0
629,https://ClinicalTrials.gov/show/NCT02829216,1,1,0,0,0
630,https://ClinicalTrials.gov/show/NCT02833792,1,1,0,0,0
631,https://ClinicalTrials.gov/show/NCT02834858,1,1,0,0,0
632,https://ClinicalTrials.gov/show/NCT02838069,1,0,1,0,0
633,https://ClinicalTrials.gov/show/NCT02846883,1,1,0,0,0
634,https://ClinicalTrials.gov/show/NCT02848131,1,0,0,0,1
635,https://ClinicalTrials.gov/show/NCT02853942,1,0,1,0,0
636,https://ClinicalTrials.gov/show/NCT02854579,1,1,0,0,0
637,https://ClinicalTrials.gov/show/NCT02855073,1,0,1,0,0
638,https://ClinicalTrials.gov/show/NCT02855112,1,0,0,1,0
639,https://ClinicalTrials.gov/show/NCT02857010,1,1,0,0,0
640,https://ClinicalTrials.gov/show/NCT02859025,1,0,1,0,0
641,https://ClinicalTrials.gov/show/NCT02866721,1,1,0,0,0
642,https://ClinicalTrials.gov/show/NCT02881476,1,1,0,0,0
643,https://ClinicalTrials.gov/show/NCT02881489,1,0,1,0,0
644,https://ClinicalTrials.gov/show/NCT02883803,1,0,0,0,1
645,https://ClinicalTrials.gov/show/NCT02884154,1,0,0,0,1
646,https://ClinicalTrials.gov/show/NCT02886884,1,1,0,0,0
647,https://ClinicalTrials.gov/show/NCT02888704,1,0,1,0,0
648,https://ClinicalTrials.gov/show/NCT02890537,1,0,1,0,0
649,https://ClinicalTrials.gov/show/NCT02890953,1,1,0,0,0
650,https://ClinicalTrials.gov/show/NCT02893306,1,1,0,0,0
651,https://ClinicalTrials.gov/show/NCT02900014,1,0,0,0,1
652,https://ClinicalTrials.gov/show/NCT02917291,1,1,0,0,0
653,https://ClinicalTrials.gov/show/NCT02917681,1,0,1,0,0
654,https://ClinicalTrials.gov/show/NCT02918123,1,0,0,0,1
655,https://ClinicalTrials.gov/show/NCT02923375,1,1,0,0,0
656,https://ClinicalTrials.gov/show/NCT02926300,1,0,0,0,1
657,https://ClinicalTrials.gov/show/NCT02932852,1,0,1,0,0
658,https://ClinicalTrials.gov/show/NCT02940418,1,0,0,1,0
659,https://ClinicalTrials.gov/show/NCT02941666,1,0,0,0,1
660,https://ClinicalTrials.gov/show/NCT02943486,1,0,0,0,1
661,https://ClinicalTrials.gov/show/NCT02943889,1,0,0,0,1
662,https://ClinicalTrials.gov/show/NCT02945449,1,1,0,0,0
663,https://ClinicalTrials.gov/show/NCT02945462,1,0,1,0,0
664,https://ClinicalTrials.gov/show/NCT02947191,1,1,0,0,0
665,https://ClinicalTrials.gov/show/NCT02949414,1,0,1,0,0
666,https://ClinicalTrials.gov/show/NCT02957552,1,1,0,0,0
667,https://ClinicalTrials.gov/show/NCT02958267,1,0,1,0,0
668,https://ClinicalTrials.gov/show/NCT02961725,1,1,0,0,0
669,https://ClinicalTrials.gov/show/NCT02962661,1,1,0,0,0
670,https://ClinicalTrials.gov/show/NCT02963727,1,0,0,0,1
671,https://ClinicalTrials.gov/show/NCT02964143,1,0,1,0,0
672,https://ClinicalTrials.gov/show/NCT02966717,1,0,0,0,1
673,https://ClinicalTrials.gov/show/NCT02966951,1,0,0,0,1
674,https://ClinicalTrials.gov/show/NCT02968459,1,1,0,0,0
675,https://ClinicalTrials.gov/show/NCT02975960,1,0,1,0,0
676,https://ClinicalTrials.gov/show/NCT02981576,1,0,1,0,0
677,https://ClinicalTrials.gov/show/NCT02982915,1,1,0,0,0
678,https://ClinicalTrials.gov/show/NCT02985346,1,0,0,0,1
679,https://ClinicalTrials.gov/show/NCT02987413,1,0,1,0,0
680,https://ClinicalTrials.gov/show/NCT02997878,1,1,0,0,0
681,https://ClinicalTrials.gov/show/NCT03000712,1,0,1,0,0
682,https://ClinicalTrials.gov/show/NCT03003364,1,1,0,0,0
683,https://ClinicalTrials.gov/show/NCT03007576,1,0,1,0,0
684,https://ClinicalTrials.gov/show/NCT03011541,1,0,1,0,0
685,https://ClinicalTrials.gov/show/NCT03013049,1,0,1,0,0
686,https://ClinicalTrials.gov/show/NCT03014037,1,0,0,0,1
687,https://ClinicalTrials.gov/show/NCT03014219,1,0,1,0,0
688,https://ClinicalTrials.gov/show/NCT03015623,1,1,0,0,0
689,https://ClinicalTrials.gov/show/NCT03028428,1,0,0,1,0
690,https://ClinicalTrials.gov/show/NCT03033277,1,1,0,0,0
691,https://ClinicalTrials.gov/show/NCT03042143,1,1,0,0,0
692,https://ClinicalTrials.gov/show/NCT03042572,1,1,0,0,0
693,https://ClinicalTrials.gov/show/NCT03044119,1,1,0,0,0
694,https://ClinicalTrials.gov/show/NCT03047772,1,0,1,0,0
695,https://ClinicalTrials.gov/show/NCT03048773,1,0,1,0,0
696,https://ClinicalTrials.gov/show/NCT03055078,1,1,0,0,0
697,https://ClinicalTrials.gov/show/NCT03056742,1,1,0,0,0
698,https://ClinicalTrials.gov/show/NCT03058068,1,1,0,0,0
699,https://ClinicalTrials.gov/show/NCT03059355,1,1,0,0,0
700,https://ClinicalTrials.gov/show/NCT03066245,1,0,1,0,0
701,https://ClinicalTrials.gov/show/NCT03067831,1,0,1,0,0
702,https://ClinicalTrials.gov/show/NCT03067870,1,0,1,0,0
703,https://ClinicalTrials.gov/show/NCT03068988,1,0,0,0,1
704,https://ClinicalTrials.gov/show/NCT03069170,1,0,1,0,0
705,https://ClinicalTrials.gov/show/NCT03069209,1,0,1,0,0
706,https://ClinicalTrials.gov/show/NCT03070275,1,0,1,0,0
707,https://ClinicalTrials.gov/show/NCT03078621,1,0,1,0,0
708,https://ClinicalTrials.gov/show/NCT03079401,1,1,0,0,0
709,https://ClinicalTrials.gov/show/NCT03096782,1,1,0,0,0
710,https://ClinicalTrials.gov/show/NCT03099239,1,1,0,0,0
711,https://ClinicalTrials.gov/show/NCT03102879,1,1,0,0,0
712,https://ClinicalTrials.gov/show/NCT03103295,1,0,0,0,1
713,https://ClinicalTrials.gov/show/NCT03106662,1,0,0,0,1
714,https://ClinicalTrials.gov/show/NCT03113747,1,0,0,1,0
715,https://ClinicalTrials.gov/show/NCT03115749,1,0,0,0,1
716,https://ClinicalTrials.gov/show/NCT03117738,1,0,1,0,0
717,https://ClinicalTrials.gov/show/NCT03123458,1,0,0,0,1
718,https://ClinicalTrials.gov/show/NCT03130374,1,0,1,0,0
719,https://ClinicalTrials.gov/show/NCT03137199,1,1,0,0,0
720,https://ClinicalTrials.gov/show/NCT03137979,1,0,0,0,1
721,https://ClinicalTrials.gov/show/NCT03158896,1,1,0,0,0
722,https://ClinicalTrials.gov/show/NCT03164083,1,0,0,0,1
723,https://ClinicalTrials.gov/show/NCT03164122,1,0,1,0,0
724,https://ClinicalTrials.gov/show/NCT03166189,1,0,1,0,0
725,https://ClinicalTrials.gov/show/NCT03166865,1,1,0,0,0
726,https://ClinicalTrials.gov/show/NCT03169231,1,1,0,0,0
727,https://ClinicalTrials.gov/show/NCT03171194,1,1,0,0,0
728,https://ClinicalTrials.gov/show/NCT03172117,1,1,0,0,0
729,https://ClinicalTrials.gov/show/NCT03173638,1,1,0,0,0
730,https://ClinicalTrials.gov/show/NCT03174587,1,1,0,0,0
731,https://ClinicalTrials.gov/show/NCT03176498,1,1,0,0,0
732,https://ClinicalTrials.gov/show/NCT03180450,1,1,0,0,0
733,https://ClinicalTrials.gov/show/NCT03180463,1,1,0,0,0
734,https://ClinicalTrials.gov/show/NCT03181087,1,1,0,0,0
735,https://ClinicalTrials.gov/show/NCT03183622,1,1,0,0,0
736,https://ClinicalTrials.gov/show/NCT03183648,1,1,0,0,0
737,https://ClinicalTrials.gov/show/NCT03183661,1,1,0,0,0
738,https://ClinicalTrials.gov/show/NCT03183726,1,1,0,0,0
739,https://ClinicalTrials.gov/show/NCT03183804,1,1,0,0,0
740,https://ClinicalTrials.gov/show/NCT03183934,1,1,0,0,0
741,https://ClinicalTrials.gov/show/NCT03184935,1,1,0,0,0
742,https://ClinicalTrials.gov/show/NCT03186417,1,1,0,0,0
743,https://ClinicalTrials.gov/show/NCT03186456,1,1,0,0,0
744,https://ClinicalTrials.gov/show/NCT03187431,1,0,1,0,0
745,https://ClinicalTrials.gov/show/NCT03197623,1,0,0,0,1
746,https://ClinicalTrials.gov/show/NCT03209700,1,0,1,0,0
747,https://ClinicalTrials.gov/show/NCT03209986,1,0,0,0,1
748,https://ClinicalTrials.gov/show/NCT03211793,1,1,0,0,0
749,https://ClinicalTrials.gov/show/NCT03217032,1,0,1,0,0
750,https://ClinicalTrials.gov/show/NCT03219801,1,1,0,0,0
751,https://ClinicalTrials.gov/show/NCT03220243,1,0,1,0,0
752,https://ClinicalTrials.gov/show/NCT03226015,1,0,1,0,0
753,https://ClinicalTrials.gov/show/NCT03233074,1,0,0,0,1
754,https://ClinicalTrials.gov/show/NCT03237442,1,1,0,0,0
755,https://ClinicalTrials.gov/show/NCT03239535,1,1,0,0,0
756,https://ClinicalTrials.gov/show/NCT03248466,1,0,1,0,0
757,https://ClinicalTrials.gov/show/NCT03252340,1,0,0,0,1
758,https://ClinicalTrials.gov/show/NCT03252535,1,0,0,0,1
759,https://ClinicalTrials.gov/show/NCT03254758,1,0,0,0,1
760,https://ClinicalTrials.gov/show/NCT03257098,1,1,0,0,0
761,https://ClinicalTrials.gov/show/NCT03258164,1,0,1,0,0
762,https://ClinicalTrials.gov/show/NCT03259217,1,0,0,0,1
763,https://ClinicalTrials.gov/show/NCT03264573,1,0,0,0,1
764,https://ClinicalTrials.gov/show/NCT03265444,1,0,1,0,0
765,https://ClinicalTrials.gov/show/NCT03265613,1,1,0,0,0
766,https://ClinicalTrials.gov/show/NCT03265808,1,1,0,0,0
767,https://ClinicalTrials.gov/show/NCT03267784,1,1,0,0,0
768,https://ClinicalTrials.gov/show/NCT03268603,1,0,1,0,0
769,https://ClinicalTrials.gov/show/NCT03279796,1,0,1,0,0
770,https://ClinicalTrials.gov/show/NCT03280056,1,0,1,0,0
771,https://ClinicalTrials.gov/show/NCT03288571,1,1,0,0,0
772,https://ClinicalTrials.gov/show/NCT03291366,1,0,0,0,1
773,https://ClinicalTrials.gov/show/NCT03294759,1,0,1,0,0
774,https://ClinicalTrials.gov/show/NCT03296501,1,0,1,0,0
775,https://ClinicalTrials.gov/show/NCT03298399,1,0,1,0,0
776,https://ClinicalTrials.gov/show/NCT03298763,1,0,0,0,1
777,https://ClinicalTrials.gov/show/NCT03299413,1,1,0,0,0
778,https://ClinicalTrials.gov/show/NCT03308006,1,0,1,0,0
779,https://ClinicalTrials.gov/show/NCT03308565,1,0,1,0,0
780,https://ClinicalTrials.gov/show/NCT03321942,1,0,0,0,1
781,https://ClinicalTrials.gov/show/NCT03325322,1,0,0,0,1
782,https://ClinicalTrials.gov/show/NCT03325504,1,0,1,0,0
783,https://ClinicalTrials.gov/show/NCT03326505,1,1,0,0,0
784,https://ClinicalTrials.gov/show/NCT03333681,1,0,1,0,0
785,https://ClinicalTrials.gov/show/NCT03336996,1,1,0,0,0
786,https://ClinicalTrials.gov/show/NCT03337243,1,1,0,0,0
787,https://ClinicalTrials.gov/show/NCT03343782,1,0,1,0,0
788,https://ClinicalTrials.gov/show/NCT03346967,1,0,1,0,0
789,https://ClinicalTrials.gov/show/NCT03351868,1,0,1,0,0
790,https://ClinicalTrials.gov/show/NCT03355365,1,0,1,0,0
791,https://ClinicalTrials.gov/show/NCT03356821,1,1,0,0,0
792,https://ClinicalTrials.gov/show/NCT03357575,1,0,0,0,1
793,https://ClinicalTrials.gov/show/NCT03357770,1,1,0,0,0
794,https://ClinicalTrials.gov/show/NCT03358654,1,1,0,0,0
795,https://ClinicalTrials.gov/show/NCT03361631,1,0,1,0,0
796,https://ClinicalTrials.gov/show/NCT03362424,1,0,0,0,1
797,https://ClinicalTrials.gov/show/NCT03369275,1,1,0,0,0
798,https://ClinicalTrials.gov/show/NCT03370874,1,1,0,0,0
799,https://ClinicalTrials.gov/show/NCT03371329,1,0,0,0,1
800,https://ClinicalTrials.gov/show/NCT03378063,1,1,0,0,0
801,https://ClinicalTrials.gov/show/NCT03378414,1,1,0,0,0
802,https://ClinicalTrials.gov/show/NCT03379168,1,0,1,0,0
803,https://ClinicalTrials.gov/show/NCT03381326,1,0,0,0,1
804,https://ClinicalTrials.gov/show/NCT03383081,1,1,0,0,0
805,https://ClinicalTrials.gov/show/NCT03384433,1,1,0,0,0
806,https://ClinicalTrials.gov/show/NCT03386708,1,1,0,0,0
807,https://ClinicalTrials.gov/show/NCT03389919,1,1,0,0,0
808,https://ClinicalTrials.gov/show/NCT03392311,1,1,0,0,0
809,https://ClinicalTrials.gov/show/NCT03392467,1,1,0,0,0
810,https://ClinicalTrials.gov/show/NCT03397095,1,0,1,0,0
811,https://ClinicalTrials.gov/show/NCT03404063,1,1,0,0,0
812,https://ClinicalTrials.gov/show/NCT03406585,1,1,0,0,0
813,https://ClinicalTrials.gov/show/NCT03410355,1,0,1,0,0
814,https://ClinicalTrials.gov/show/NCT03414697,1,1,0,0,0
815,https://ClinicalTrials.gov/show/NCT03418233,1,1,0,0,0
816,https://ClinicalTrials.gov/show/NCT03423732,1,1,0,0,0
817,https://ClinicalTrials.gov/show/NCT03424629,1,1,0,0,0
818,https://ClinicalTrials.gov/show/NCT03437759,1,0,0,0,1
819,https://ClinicalTrials.gov/show/NCT03449069,1,0,1,0,0
820,https://ClinicalTrials.gov/show/NCT03449082,1,1,0,0,0
821,https://ClinicalTrials.gov/show/NCT03454737,1,0,1,0,0
822,https://ClinicalTrials.gov/show/NCT03455335,1,0,1,0,0
823,https://ClinicalTrials.gov/show/NCT03458156,1,1,0,0,0
824,https://ClinicalTrials.gov/show/NCT03460223,1,0,0,0,1
825,https://ClinicalTrials.gov/show/NCT03460795,1,0,0,0,1
826,https://ClinicalTrials.gov/show/NCT03461458,1,0,1,0,0
827,https://ClinicalTrials.gov/show/NCT03472742,1,0,0,0,1
828,https://ClinicalTrials.gov/show/NCT03473301,1,1,0,0,0
829,https://ClinicalTrials.gov/show/NCT03477942,1,0,1,0,0
830,https://ClinicalTrials.gov/show/NCT03478215,1,0,1,0,0
831,https://ClinicalTrials.gov/show/NCT03484741,1,0,0,1,0
832,https://ClinicalTrials.gov/show/NCT03487731,1,1,0,0,0
833,https://ClinicalTrials.gov/show/NCT03489564,1,1,0,0,0
834,https://ClinicalTrials.gov/show/NCT03504241,1,1,0,0,0
835,https://ClinicalTrials.gov/show/NCT03505034,1,1,0,0,0
836,https://ClinicalTrials.gov/show/NCT03509025,1,0,0,1,0
837,https://ClinicalTrials.gov/show/NCT03509870,1,1,0,0,0
838,https://ClinicalTrials.gov/show/NCT03516006,1,1,0,0,0
839,https://ClinicalTrials.gov/show/NCT03521323,1,1,0,0,0
840,https://ClinicalTrials.gov/show/NCT03521336,1,1,0,0,0
841,https://ClinicalTrials.gov/show/NCT03522545,1,1,0,0,0
842,https://ClinicalTrials.gov/show/NCT03525418,1,1,0,0,0
843,https://ClinicalTrials.gov/show/NCT03529136,1,1,0,0,0
844,https://ClinicalTrials.gov/show/NCT03529877,1,1,0,0,0
845,https://ClinicalTrials.gov/show/NCT03550183,1,1,0,0,0
846,https://ClinicalTrials.gov/show/NCT03552848,1,1,0,0,0
847,https://ClinicalTrials.gov/show/NCT03555357,1,0,0,0,1
848,https://ClinicalTrials.gov/show/NCT03558334,1,1,0,0,0
849,https://ClinicalTrials.gov/show/NCT03562065,1,1,0,0,0
850,https://ClinicalTrials.gov/show/NCT03562715,1,1,0,0,0
851,https://ClinicalTrials.gov/show/NCT03563495,1,0,1,0,0
852,https://ClinicalTrials.gov/show/NCT03564808,1,0,0,0,1
853,https://ClinicalTrials.gov/show/NCT03570333,1,0,0,0,1
854,https://ClinicalTrials.gov/show/NCT03580291,1,1,0,0,0
855,https://ClinicalTrials.gov/show/NCT03585855,1,0,1,0,0
856,https://ClinicalTrials.gov/show/NCT03589287,1,1,0,0,0
857,https://ClinicalTrials.gov/show/NCT03592849,1,1,0,0,0
858,https://ClinicalTrials.gov/show/NCT03601234,1,0,0,0,1
859,https://ClinicalTrials.gov/show/NCT03601416,1,1,0,0,0
860,https://ClinicalTrials.gov/show/NCT03602872,1,1,0,0,0
861,https://ClinicalTrials.gov/show/NCT03608579,1,0,1,0,0
862,https://ClinicalTrials.gov/show/NCT03608592,1,1,0,0,0
863,https://ClinicalTrials.gov/show/NCT03608631,1,0,0,0,1
864,https://ClinicalTrials.gov/show/NCT03609905,1,1,0,0,0
865,https://ClinicalTrials.gov/show/NCT03618784,1,1,0,0,0
866,https://ClinicalTrials.gov/show/NCT03626090,1,0,1,0,0
867,https://ClinicalTrials.gov/show/NCT03629015,1,1,0,0,0
868,https://ClinicalTrials.gov/show/NCT03631420,1,1,0,0,0
869,https://ClinicalTrials.gov/show/NCT03631589,1,1,0,0,0
870,https://ClinicalTrials.gov/show/NCT03633565,1,0,0,0,1
871,https://ClinicalTrials.gov/show/NCT03635450,1,1,0,0,0
872,https://ClinicalTrials.gov/show/NCT03638154,1,0,0,0,1
873,https://ClinicalTrials.gov/show/NCT03639506,1,0,1,0,0
874,https://ClinicalTrials.gov/show/NCT03645460,1,0,1,0,0
875,https://ClinicalTrials.gov/show/NCT03645525,1,1,0,0,0
876,https://ClinicalTrials.gov/show/NCT03648463,1,0,0,0,1
877,https://ClinicalTrials.gov/show/NCT03651791,1,0,0,0,1
878,https://ClinicalTrials.gov/show/NCT03668145,1,0,0,0,1
879,https://ClinicalTrials.gov/show/NCT03668171,1,0,0,0,1
880,https://ClinicalTrials.gov/show/NCT03672825,1,0,0,1,0
881,https://ClinicalTrials.gov/show/NCT03673748,1,1,0,0,0
882,https://ClinicalTrials.gov/show/NCT03676400,1,1,0,0,0
883,https://ClinicalTrials.gov/show/NCT03676569,1,0,1,0,0
884,https://ClinicalTrials.gov/show/NCT03678467,1,0,1,0,0
885,https://ClinicalTrials.gov/show/NCT03682315,1,0,1,0,0
886,https://ClinicalTrials.gov/show/NCT03683953,1,0,0,0,1
887,https://ClinicalTrials.gov/show/NCT03684122,1,1,0,0,0
888,https://ClinicalTrials.gov/show/NCT03686449,1,0,1,0,0
889,https://ClinicalTrials.gov/show/NCT03691909,1,0,1,0,0
890,https://ClinicalTrials.gov/show/NCT03692221,1,0,1,0,0
891,https://ClinicalTrials.gov/show/NCT03706482,1,1,0,0,0
892,https://ClinicalTrials.gov/show/NCT03724617,1,1,0,0,0
893,https://ClinicalTrials.gov/show/NCT03726255,1,0,0,1,0
894,https://ClinicalTrials.gov/show/NCT03743155,1,0,1,0,0
895,https://ClinicalTrials.gov/show/NCT03745417,1,1,0,0,0
896,https://ClinicalTrials.gov/show/NCT03747822,1,0,1,0,0
897,https://ClinicalTrials.gov/show/NCT03747913,1,0,0,0,1
898,https://ClinicalTrials.gov/show/NCT03751735,1,1,0,0,0
899,https://ClinicalTrials.gov/show/NCT03754465,1,1,0,0,0
900,https://ClinicalTrials.gov/show/NCT03765957,1,1,0,0,0
901,https://ClinicalTrials.gov/show/NCT03766139,1,0,0,0,1
902,https://ClinicalTrials.gov/show/NCT03766217,1,0,1,0,0
903,https://ClinicalTrials.gov/show/NCT03774537,1,1,0,0,0
904,https://ClinicalTrials.gov/show/NCT03778333,1,0,1,0,0
905,https://ClinicalTrials.gov/show/NCT03788265,1,0,1,0,0
906,https://ClinicalTrials.gov/show/NCT03790189,1,0,1,0,0
907,https://ClinicalTrials.gov/show/NCT03795649,1,0,1,0,0
908,https://ClinicalTrials.gov/show/NCT03795974,1,1,0,0,0
909,https://ClinicalTrials.gov/show/NCT03797963,1,0,1,0,0
910,https://ClinicalTrials.gov/show/NCT03798028,1,1,0,0,0
911,https://ClinicalTrials.gov/show/NCT03798353,1,1,0,0,0
912,https://ClinicalTrials.gov/show/NCT03799718,1,0,1,0,0
913,https://ClinicalTrials.gov/show/NCT03800810,1,1,0,0,0
914,https://ClinicalTrials.gov/show/NCT03810521,1,1,0,0,0
915,https://ClinicalTrials.gov/show/NCT03816852,1,1,0,0,0
916,https://ClinicalTrials.gov/show/NCT03818737,1,0,0,1,0
917,https://ClinicalTrials.gov/show/NCT03818854,1,1,0,0,0
918,https://ClinicalTrials.gov/show/NCT03822858,1,0,1,0,0
919,https://ClinicalTrials.gov/show/NCT03826433,1,1,0,0,0
920,https://ClinicalTrials.gov/show/NCT03827096,1,0,1,0,0
921,https://ClinicalTrials.gov/show/NCT03828123,1,0,1,0,0
922,https://ClinicalTrials.gov/show/NCT03828344,1,1,0,0,0
923,https://ClinicalTrials.gov/show/NCT03838146,1,1,0,0,0
924,https://ClinicalTrials.gov/show/NCT03838250,1,0,1,0,0
925,https://ClinicalTrials.gov/show/NCT03838666,1,0,1,0,0
926,https://ClinicalTrials.gov/show/NCT03839238,1,0,0,0,1
927,https://ClinicalTrials.gov/show/NCT03840343,1,0,1,0,0
928,https://ClinicalTrials.gov/show/NCT03847844,1,1,0,0,0
929,https://ClinicalTrials.gov/show/NCT03855631,1,0,1,0,0
930,https://ClinicalTrials.gov/show/NCT03857841,1,0,0,0,1
931,https://ClinicalTrials.gov/show/NCT03860155,1,1,0,0,0
932,https://ClinicalTrials.gov/show/NCT03863002,1,0,0,0,1
933,https://ClinicalTrials.gov/show/NCT03865394,1,1,0,0,0
934,https://ClinicalTrials.gov/show/NCT03866330,1,1,0,0,0
935,https://ClinicalTrials.gov/show/NCT03869229,1,0,1,0,0
936,https://ClinicalTrials.gov/show/NCT03873506,1,1,0,0,0
937,https://ClinicalTrials.gov/show/NCT03874572,1,1,0,0,0
938,https://ClinicalTrials.gov/show/NCT03876197,1,0,1,0,0
939,https://ClinicalTrials.gov/show/NCT03877471,1,0,0,0,1
940,https://ClinicalTrials.gov/show/NCT03878628,1,1,0,0,0
941,https://ClinicalTrials.gov/show/NCT03887208,1,0,1,0,0
942,https://ClinicalTrials.gov/show/NCT03896568,1,1,0,0,0
943,https://ClinicalTrials.gov/show/NCT03901235,1,0,0,0,1
944,https://ClinicalTrials.gov/show/NCT03902067,1,1,0,0,0
945,https://ClinicalTrials.gov/show/NCT03905824,1,1,0,0,0
946,https://ClinicalTrials.gov/show/NCT03909139,1,0,1,0,0
947,https://ClinicalTrials.gov/show/NCT03912480,1,0,0,0,1
948,https://ClinicalTrials.gov/show/NCT03917797,1,1,0,0,0
949,https://ClinicalTrials.gov/show/NCT03918655,1,0,0,0,1
950,https://ClinicalTrials.gov/show/NCT03920397,1,1,0,0,0
951,https://ClinicalTrials.gov/show/NCT03925324,1,1,0,0,0
952,https://ClinicalTrials.gov/show/NCT03925649,1,0,1,0,0
953,https://ClinicalTrials.gov/show/NCT03929120,1,1,0,0,0
954,https://ClinicalTrials.gov/show/NCT03933995,1,0,1,0,0
955,https://ClinicalTrials.gov/show/NCT03939741,1,0,1,0,0
956,https://ClinicalTrials.gov/show/NCT03943576,1,1,0,0,0
957,https://ClinicalTrials.gov/show/NCT03943940,1,0,0,1,0
958,https://ClinicalTrials.gov/show/NCT03945487,1,1,0,0,0
959,https://ClinicalTrials.gov/show/NCT03955497,1,0,1,0,0
960,https://ClinicalTrials.gov/show/NCT03956719,1,0,1,0,0
961,https://ClinicalTrials.gov/show/NCT03961243,1,0,1,0,0
962,https://ClinicalTrials.gov/show/NCT03967275,1,1,0,0,0
963,https://ClinicalTrials.gov/show/NCT03968198,1,0,1,0,0
964,https://ClinicalTrials.gov/show/NCT03969680,1,0,1,0,0
965,https://ClinicalTrials.gov/show/NCT03973827,1,1,0,0,0
966,https://ClinicalTrials.gov/show/NCT03979898,1,0,1,0,0
967,https://ClinicalTrials.gov/show/NCT03990805,1,0,1,0,0
968,https://ClinicalTrials.gov/show/NCT03994666,1,1,0,0,0
969,https://ClinicalTrials.gov/show/NCT04003857,1,1,0,0,0
970,https://ClinicalTrials.gov/show/NCT04005989,1,0,1,0,0
971,https://ClinicalTrials.gov/show/NCT04007081,1,0,0,0,1
972,https://ClinicalTrials.gov/show/NCT04011059,1,1,0,0,0
973,https://ClinicalTrials.gov/show/NCT04014166,1,1,0,0,0
974,https://ClinicalTrials.gov/show/NCT04018729,1,0,0,0,1
975,https://ClinicalTrials.gov/show/NCT04029896,1,0,1,0,0
976,https://ClinicalTrials.gov/show/NCT04034316,1,1,0,0,0
977,https://ClinicalTrials.gov/show/NCT04034615,1,0,0,0,1
978,https://ClinicalTrials.gov/show/NCT04037345,1,1,0,0,0
979,https://ClinicalTrials.gov/show/NCT04040348,1,1,0,0,0
980,https://ClinicalTrials.gov/show/NCT04042844,1,0,1,0,0
981,https://ClinicalTrials.gov/show/NCT04047810,1,0,0,0,1
982,https://ClinicalTrials.gov/show/NCT04055415,1,1,0,0,0
983,https://ClinicalTrials.gov/show/NCT04056819,1,1,0,0,0
984,https://ClinicalTrials.gov/show/NCT04061746,1,1,0,0,0
985,https://ClinicalTrials.gov/show/NCT04062136,1,1,0,0,0
986,https://ClinicalTrials.gov/show/NCT04063215,1,0,1,0,0
987,https://ClinicalTrials.gov/show/NCT04064879,1,0,1,0,0
988,https://ClinicalTrials.gov/show/NCT04064957,1,0,1,0,0
989,https://ClinicalTrials.gov/show/NCT04064983,1,0,1,0,0
990,https://ClinicalTrials.gov/show/NCT04073472,1,1,0,0,0
991,https://ClinicalTrials.gov/show/NCT04074408,1,1,0,0,0
992,https://ClinicalTrials.gov/show/NCT04078308,1,0,1,0,0
993,https://ClinicalTrials.gov/show/NCT04087889,1,0,0,1,0
994,https://ClinicalTrials.gov/show/NCT04089579,1,1,0,0,0
995,https://ClinicalTrials.gov/show/NCT04093336,1,1,0,0,0
996,https://ClinicalTrials.gov/show/NCT04097652,1,1,0,0,0
997,https://ClinicalTrials.gov/show/NCT04104412,1,1,0,0,0
998,https://ClinicalTrials.gov/show/NCT04104451,1,1,0,0,0
999,https://ClinicalTrials.gov/show/NCT04125329,1,1,0,0,0
1000,https://ClinicalTrials.gov/show/NCT04126603,1,0,0,0,1
1001,https://ClinicalTrials.gov/show/NCT04130100,1,0,0,0,1
1002,https://ClinicalTrials.gov/show/NCT04134676,1,1,0,0,0
1003,https://ClinicalTrials.gov/show/NCT04136743,1,0,1,0,0
1004,https://ClinicalTrials.gov/show/NCT04138017,1,0,0,0,1
1005,https://ClinicalTrials.gov/show/NCT04143048,1,0,0,0,1
1006,https://ClinicalTrials.gov/show/NCT04146519,1,0,1,0,0
1007,https://ClinicalTrials.gov/show/NCT04153630,1,0,0,0,1
1008,https://ClinicalTrials.gov/show/NCT04170426,1,0,1,0,0
1009,https://ClinicalTrials.gov/show/NCT04173650,1,1,0,0,0
1010,https://ClinicalTrials.gov/show/NCT04174898,1,0,0,0,1
1011,https://ClinicalTrials.gov/show/NCT04184258,1,1,0,0,0
1012,https://ClinicalTrials.gov/show/NCT04194671,1,1,0,0,0
1013,https://ClinicalTrials.gov/show/NCT04206007,1,1,0,0,0
1014,https://ClinicalTrials.gov/show/NCT04208646,1,1,0,0,0
1015,https://ClinicalTrials.gov/show/NCT04210440,1,0,0,1,0
1016,https://ClinicalTrials.gov/show/NCT04212728,1,0,1,0,0
1017,https://ClinicalTrials.gov/show/NCT04213131,1,1,0,0,0
1018,https://ClinicalTrials.gov/show/NCT04213248,1,1,0,0,0
1019,https://ClinicalTrials.gov/show/NCT04216849,1,1,0,0,0
1020,https://ClinicalTrials.gov/show/NCT04219241,1,0,0,0,1
1021,https://ClinicalTrials.gov/show/NCT04219657,1,1,0,0,0
1022,https://ClinicalTrials.gov/show/NCT04223622,1,0,0,0,1
1023,https://ClinicalTrials.gov/show/NCT04224207,1,1,0,0,0
1024,https://ClinicalTrials.gov/show/NCT04228666,1,0,1,0,0
1025,https://ClinicalTrials.gov/show/NCT04230902,1,0,1,0,0
1026,https://ClinicalTrials.gov/show/NCT04234412,1,1,0,0,0
1027,https://ClinicalTrials.gov/show/NCT04234750,1,0,0,0,1
1028,https://ClinicalTrials.gov/show/NCT04235296,1,0,0,0,1
1029,https://ClinicalTrials.gov/show/NCT04235868,1,0,0,0,1
1030,https://ClinicalTrials.gov/show/NCT04236479,1,1,0,0,0
1031,https://ClinicalTrials.gov/show/NCT04240873,1,0,0,0,1
1032,https://ClinicalTrials.gov/show/NCT04243681,1,0,1,0,0
1033,https://ClinicalTrials.gov/show/NCT04247945,1,1,0,0,0
1034,https://ClinicalTrials.gov/show/NCT04252118,1,0,0,0,1
1035,https://ClinicalTrials.gov/show/NCT04255147,1,1,0,0,0
1036,https://ClinicalTrials.gov/show/NCT04269525,1,1,0,0,0
1037,https://ClinicalTrials.gov/show/NCT04269941,1,0,0,0,1
1038,https://ClinicalTrials.gov/show/NCT04273646,1,1,0,0,0
1039,https://ClinicalTrials.gov/show/NCT04274543,1,0,1,0,0
1040,https://ClinicalTrials.gov/show/NCT04275024,1,0,0,0,1
1041,https://ClinicalTrials.gov/show/NCT04276987,1,1,0,0,0
1042,https://ClinicalTrials.gov/show/NCT04280003,1,1,0,0,0
1043,https://ClinicalTrials.gov/show/NCT04281797,1,1,0,0,0
1044,https://ClinicalTrials.gov/show/NCT04282928,1,1,0,0,0
1045,https://ClinicalTrials.gov/show/NCT04288102,1,1,0,0,0
1046,https://ClinicalTrials.gov/show/NCT04288934,1,0,0,1,0
1047,https://ClinicalTrials.gov/show/NCT04289194,1,1,0,0,0
1048,https://ClinicalTrials.gov/show/NCT04290182,1,0,1,0,0
1049,https://ClinicalTrials.gov/show/NCT04293692,1,1,0,0,0
1050,https://ClinicalTrials.gov/show/NCT04294290,1,1,0,0,0
1051,https://ClinicalTrials.gov/show/NCT04297813,1,0,1,0,0
1052,https://ClinicalTrials.gov/show/NCT04302519,1,0,0,0,1
1053,https://ClinicalTrials.gov/show/NCT04308213,1,0,1,0,0
1054,https://ClinicalTrials.gov/show/NCT04310215,1,1,0,0,0
1055,https://ClinicalTrials.gov/show/NCT04310852,1,0,1,0,0
1056,https://ClinicalTrials.gov/show/NCT04312113,1,0,1,0,0
1057,https://ClinicalTrials.gov/show/NCT04313322,1,1,0,0,0
1058,https://ClinicalTrials.gov/show/NCT04313647,1,1,0,0,0
1059,https://ClinicalTrials.gov/show/NCT04314011,1,1,0,0,0
1060,https://ClinicalTrials.gov/show/NCT04314661,1,1,0,0,0
1061,https://ClinicalTrials.gov/show/NCT04314687,1,1,0,0,0
1062,https://ClinicalTrials.gov/show/NCT04315025,1,1,0,0,0
1063,https://ClinicalTrials.gov/show/NCT04315987,1,1,0,0,0
1064,https://ClinicalTrials.gov/show/NCT04318600,1,1,0,0,0
1065,https://ClinicalTrials.gov/show/NCT04325594,1,1,0,0,0
1066,https://ClinicalTrials.gov/show/NCT04326959,1,1,0,0,0
1067,https://ClinicalTrials.gov/show/NCT04326985,1,0,1,0,0
1068,https://ClinicalTrials.gov/show/NCT04328714,1,1,0,0,0
1069,https://ClinicalTrials.gov/show/NCT04333368,1,1,0,0,0
1070,https://ClinicalTrials.gov/show/NCT04336254,1,1,0,0,0
1071,https://ClinicalTrials.gov/show/NCT04339504,1,1,0,0,0
1072,https://ClinicalTrials.gov/show/NCT04339660,1,1,0,0,0
1073,https://ClinicalTrials.gov/show/NCT04340284,1,0,1,0,0
1074,https://ClinicalTrials.gov/show/NCT04340609,1,1,0,0,0
1075,https://ClinicalTrials.gov/show/NCT04341610,1,1,0,0,0
1076,https://ClinicalTrials.gov/show/NCT04342325,1,0,0,0,1
1077,https://ClinicalTrials.gov/show/NCT04345601,1,0,0,0,1
1078,https://ClinicalTrials.gov/show/NCT04346368,1,0,0,0,1
1079,https://ClinicalTrials.gov/show/NCT04347967,1,1,0,0,0
1080,https://ClinicalTrials.gov/show/NCT04348435,1,0,0,1,0
1081,https://ClinicalTrials.gov/show/NCT04348461,1,1,0,0,0
1082,https://ClinicalTrials.gov/show/NCT04349631,1,0,1,0,0
1083,https://ClinicalTrials.gov/show/NCT04351932,1,0,0,1,0
1084,https://ClinicalTrials.gov/show/NCT04352803,1,0,1,0,0
1085,https://ClinicalTrials.gov/show/NCT04355728,1,1,0,0,0
1086,https://ClinicalTrials.gov/show/NCT04356287,1,1,0,0,0
1087,https://ClinicalTrials.gov/show/NCT04356300,1,1,0,0,0
1088,https://ClinicalTrials.gov/show/NCT04357600,1,1,0,0,0
1089,https://ClinicalTrials.gov/show/NCT04361942,1,1,0,0,0
1090,https://ClinicalTrials.gov/show/NCT04362189,1,0,0,1,0
1091,https://ClinicalTrials.gov/show/NCT04366063,1,0,0,0,1
1092,https://ClinicalTrials.gov/show/NCT04366271,1,1,0,0,0
1093,https://ClinicalTrials.gov/show/NCT04366323,1,1,0,0,0
1094,https://ClinicalTrials.gov/show/NCT04366830,1,1,0,0,0
1095,https://ClinicalTrials.gov/show/NCT04368806,1,0,1,0,0
1096,https://ClinicalTrials.gov/show/NCT04371393,1,1,0,0,0
1097,https://ClinicalTrials.gov/show/NCT04371601,1,1,0,0,0
1098,https://ClinicalTrials.gov/show/NCT04377334,1,1,0,0,0
1099,https://ClinicalTrials.gov/show/NCT04382547,1,1,0,0,0
1100,https://ClinicalTrials.gov/show/NCT04385056,1,1,0,0,0
1101,https://ClinicalTrials.gov/show/NCT04388761,1,1,0,0,0
1102,https://ClinicalTrials.gov/show/NCT04388982,1,1,0,0,0
1103,https://ClinicalTrials.gov/show/NCT04389450,1,1,0,0,0
1104,https://ClinicalTrials.gov/show/NCT04390139,1,1,0,0,0
1105,https://ClinicalTrials.gov/show/NCT04390152,1,1,0,0,0
1106,https://ClinicalTrials.gov/show/NCT04392206,1,1,0,0,0
1107,https://ClinicalTrials.gov/show/NCT04392778,1,1,0,0,0
1108,https://ClinicalTrials.gov/show/NCT04397471,1,0,0,0,1
1109,https://ClinicalTrials.gov/show/NCT04397796,1,0,0,0,1
1110,https://ClinicalTrials.gov/show/NCT04399889,1,1,0,0,0
1111,https://ClinicalTrials.gov/show/NCT04410731,1,1,0,0,0
1112,https://ClinicalTrials.gov/show/NCT04414592,1,1,0,0,0
1113,https://ClinicalTrials.gov/show/NCT04416139,1,1,0,0,0
1114,https://ClinicalTrials.gov/show/NCT04421274,1,0,1,0,0
1115,https://ClinicalTrials.gov/show/NCT04426643,1,0,1,0,0
1116,https://ClinicalTrials.gov/show/NCT04427930,1,0,1,0,0
1117,https://ClinicalTrials.gov/show/NCT04428801,1,0,1,0,0
1118,https://ClinicalTrials.gov/show/NCT04429763,1,1,0,0,0
1119,https://ClinicalTrials.gov/show/NCT04432467,1,0,1,0,0
1120,https://ClinicalTrials.gov/show/NCT04432545,1,1,0,0,0
1121,https://ClinicalTrials.gov/show/NCT04433104,1,1,0,0,0
1122,https://ClinicalTrials.gov/show/NCT04434768,1,1,0,0,0
1123,https://ClinicalTrials.gov/show/NCT04434794,1,0,1,0,0
1124,https://ClinicalTrials.gov/show/NCT04435249,1,0,0,1,0
1125,https://ClinicalTrials.gov/show/NCT04437823,1,1,0,0,0
1126,https://ClinicalTrials.gov/show/NCT04441658,1,1,0,0,0
1127,https://ClinicalTrials.gov/show/NCT04444271,1,0,0,0,1
1128,https://ClinicalTrials.gov/show/NCT04445220,1,1,0,0,0
1129,https://ClinicalTrials.gov/show/NCT04445454,1,0,0,0,1
1130,https://ClinicalTrials.gov/show/NCT04446884,1,0,1,0,0
1131,https://ClinicalTrials.gov/show/NCT04446897,1,0,1,0,0
1132,https://ClinicalTrials.gov/show/NCT04447833,1,1,0,0,0
1133,https://ClinicalTrials.gov/show/NCT04448106,1,0,1,0,0
1134,https://ClinicalTrials.gov/show/NCT04452097,1,1,0,0,0
1135,https://ClinicalTrials.gov/show/NCT04453111,1,0,0,1,0
1136,https://ClinicalTrials.gov/show/NCT04456361,1,1,0,0,0
1137,https://ClinicalTrials.gov/show/NCT04456439,1,1,0,0,0
1138,https://ClinicalTrials.gov/show/NCT04457037,1,0,1,0,0
1139,https://ClinicalTrials.gov/show/NCT04457609,1,1,0,0,0
1140,https://ClinicalTrials.gov/show/NCT04461925,1,1,0,0,0
1141,https://ClinicalTrials.gov/show/NCT04464213,1,1,0,0,0
1142,https://ClinicalTrials.gov/show/NCT04466007,1,1,0,0,0
1143,https://ClinicalTrials.gov/show/NCT04466098,1,0,0,0,1
1144,https://ClinicalTrials.gov/show/NCT04467047,1,1,0,0,0
1145,https://ClinicalTrials.gov/show/NCT04476901,1,1,0,0,0
1146,https://ClinicalTrials.gov/show/NCT04482413,1,0,0,1,0
1147,https://ClinicalTrials.gov/show/NCT04482699,1,1,0,0,0
1148,https://ClinicalTrials.gov/show/NCT04484077,1,1,0,0,0
1149,https://ClinicalTrials.gov/show/NCT04484402,1,0,1,0,0
1150,https://ClinicalTrials.gov/show/NCT04489732,1,0,1,0,0
1151,https://ClinicalTrials.gov/show/NCT04490486,1,1,0,0,0
1152,https://ClinicalTrials.gov/show/NCT04491240,1,0,0,0,1
1153,https://ClinicalTrials.gov/show/NCT04492501,1,0,0,0,1
1154,https://ClinicalTrials.gov/show/NCT04493242,1,1,0,0,0
1155,https://ClinicalTrials.gov/show/NCT04493918,1,0,0,0,1
1156,https://ClinicalTrials.gov/show/NCT04494386,1,1,0,0,0
1157,https://ClinicalTrials.gov/show/NCT04495582,1,0,1,0,0
1158,https://ClinicalTrials.gov/show/NCT04497805,1,1,0,0,0
1159,https://ClinicalTrials.gov/show/NCT04499105,1,1,0,0,0
1160,https://ClinicalTrials.gov/show/NCT04501341,1,0,0,1,0
1161,https://ClinicalTrials.gov/show/NCT04501354,1,1,0,0,0
1162,https://ClinicalTrials.gov/show/NCT04506073,1,1,0,0,0
1163,https://ClinicalTrials.gov/show/NCT04514952,1,0,1,0,0
1164,https://ClinicalTrials.gov/show/NCT04519671,1,1,0,0,0
1165,https://ClinicalTrials.gov/show/NCT04519684,1,1,0,0,0
1166,https://ClinicalTrials.gov/show/NCT04519697,1,1,0,0,0
1167,https://ClinicalTrials.gov/show/NCT04520022,1,1,0,0,0
1168,https://ClinicalTrials.gov/show/NCT04520373,1,0,1,0,0
1169,https://ClinicalTrials.gov/show/NCT04520945,1,1,0,0,0
1170,https://ClinicalTrials.gov/show/NCT04522869,1,1,0,0,0
1171,https://ClinicalTrials.gov/show/NCT04522986,1,0,0,0,1
1172,https://ClinicalTrials.gov/show/NCT04524962,1,1,0,0,0
1173,https://ClinicalTrials.gov/show/NCT04525378,1,0,0,0,1
1174,https://ClinicalTrials.gov/show/NCT04527224,1,0,0,1,0
1175,https://ClinicalTrials.gov/show/NCT04535856,1,1,0,0,0
1176,https://ClinicalTrials.gov/show/NCT04536233,1,0,0,0,1
1177,https://ClinicalTrials.gov/show/NCT04537351,1,1,0,0,0
1178,https://ClinicalTrials.gov/show/NCT04538885,1,0,0,0,1
1179,https://ClinicalTrials.gov/show/NCT04543994,1,1,0,0,0
1180,https://ClinicalTrials.gov/show/NCT04544215,1,1,0,0,0
1181,https://ClinicalTrials.gov/show/NCT04545307,1,1,0,0,0
1182,https://ClinicalTrials.gov/show/NCT04548583,1,1,0,0,0
1183,https://ClinicalTrials.gov/show/NCT04549285,1,1,0,0,0
1184,https://ClinicalTrials.gov/show/NCT04551443,1,0,0,0,1
1185,https://ClinicalTrials.gov/show/NCT04551456,1,1,0,0,0
1186,https://ClinicalTrials.gov/show/NCT04562025,1,1,0,0,0
1187,https://ClinicalTrials.gov/show/NCT04565665,1,1,0,0,0
1188,https://ClinicalTrials.gov/show/NCT04573270,1,1,0,0,0
1189,https://ClinicalTrials.gov/show/NCT04590118,1,1,0,0,0
1190,https://ClinicalTrials.gov/show/NCT04592640,1,0,0,0,1
1191,https://ClinicalTrials.gov/show/NCT04594850,1,0,1,0,0
1192,https://ClinicalTrials.gov/show/NCT04602104,1,1,0,0,0
1193,https://ClinicalTrials.gov/show/NCT04602442,1,0,0,0,1
1194,https://ClinicalTrials.gov/show/NCT04604288,1,0,1,0,0
1195,https://ClinicalTrials.gov/show/NCT04610359,1,1,0,0,0
1196,https://ClinicalTrials.gov/show/NCT04611256,1,0,0,0,1
1197,https://ClinicalTrials.gov/show/NCT04612465,1,0,1,0,0
1198,https://ClinicalTrials.gov/show/NCT04614025,1,1,0,0,0
1199,https://ClinicalTrials.gov/show/NCT04615429,1,1,0,0,0
1200,https://ClinicalTrials.gov/show/NCT04615455,1,1,0,0,0
1201,https://ClinicalTrials.gov/show/NCT04623606,1,1,0,0,0
1202,https://ClinicalTrials.gov/show/NCT04625738,1,1,0,0,0
1203,https://ClinicalTrials.gov/show/NCT04626583,1,1,0,0,0
1204,https://ClinicalTrials.gov/show/NCT04629105,1,1,0,0,0
1205,https://ClinicalTrials.gov/show/NCT04629833,1,1,0,0,0
1206,https://ClinicalTrials.gov/show/NCT04642911,1,0,1,0,0
1207,https://ClinicalTrials.gov/show/NCT04650568,1,0,0,1,0
1208,https://ClinicalTrials.gov/show/NCT04651855,1,1,0,0,0
1209,https://ClinicalTrials.gov/show/NCT04652908,1,1,0,0,0
1210,https://ClinicalTrials.gov/show/NCT04653077,1,0,0,0,1
1211,https://ClinicalTrials.gov/show/NCT04654286,1,0,0,1,0
1212,https://ClinicalTrials.gov/show/NCT04657315,1,0,0,0,1
1213,https://ClinicalTrials.gov/show/NCT04657458,1,1,0,0,0
1214,https://ClinicalTrials.gov/show/NCT04661644,1,1,0,0,0
1215,https://ClinicalTrials.gov/show/NCT04670302,1,0,0,1,0
1216,https://ClinicalTrials.gov/show/NCT04675359,1,0,1,0,0
1217,https://ClinicalTrials.gov/show/NCT04675970,1,0,1,0,0
1218,https://ClinicalTrials.gov/show/NCT04681118,1,0,1,0,0
1219,https://ClinicalTrials.gov/show/NCT04684602,1,1,0,0,0
1220,https://ClinicalTrials.gov/show/NCT04689152,1,0,1,0,0
1221,https://ClinicalTrials.gov/show/NCT04692376,1,0,0,0,1
1222,https://ClinicalTrials.gov/show/NCT04706312,1,0,0,0,1
1223,https://ClinicalTrials.gov/show/NCT04711200,1,0,0,0,1
1224,https://ClinicalTrials.gov/show/NCT04711811,1,0,1,0,0
1225,https://ClinicalTrials.gov/show/NCT04713436,1,0,0,0,1
1226,https://ClinicalTrials.gov/show/NCT04713878,1,0,0,0,1
1227,https://ClinicalTrials.gov/show/NCT04714801,1,1,0,0,0
1228,https://ClinicalTrials.gov/show/NCT04716803,1,0,0,0,1
1229,https://ClinicalTrials.gov/show/NCT04723303,1,1,0,0,0
1230,https://ClinicalTrials.gov/show/NCT04728698,1,1,0,0,0
1231,https://ClinicalTrials.gov/show/NCT04735185,1,0,1,0,0
1232,https://ClinicalTrials.gov/show/NCT04738981,1,1,0,0,0
1233,https://ClinicalTrials.gov/show/NCT04739930,1,0,0,1,0
1234,https://ClinicalTrials.gov/show/NCT04744051,1,0,1,0,0
1235,https://ClinicalTrials.gov/show/NCT04744116,1,1,0,0,0
1236,https://ClinicalTrials.gov/show/NCT04745299,1,0,1,0,0
1237,https://ClinicalTrials.gov/show/NCT04746599,1,0,1,0,0
1238,https://ClinicalTrials.gov/show/NCT04749667,1,0,1,0,0
1239,https://ClinicalTrials.gov/show/NCT04753476,1,0,0,0,1
1240,https://ClinicalTrials.gov/show/NCT04758533,1,1,0,0,0
1241,https://ClinicalTrials.gov/show/NCT04759105,1,0,1,0,0
1242,https://ClinicalTrials.gov/show/NCT04763369,1,1,0,0,0
1243,https://ClinicalTrials.gov/show/NCT04772378,1,0,1,0,0
1244,https://ClinicalTrials.gov/show/NCT04776239,1,1,0,0,0
1245,https://ClinicalTrials.gov/show/NCT04776538,1,1,0,0,0
1246,https://ClinicalTrials.gov/show/NCT04780685,1,1,0,0,0
1247,https://ClinicalTrials.gov/show/NCT04785027,1,1,0,0,0
1248,https://ClinicalTrials.gov/show/NCT04791878,1,1,0,0,0
1249,https://ClinicalTrials.gov/show/NCT04798066,1,0,1,0,0
1250,https://ClinicalTrials.gov/show/NCT04798716,1,0,0,0,1
1251,https://ClinicalTrials.gov/show/NCT04811651,1,1,0,0,0
1252,https://ClinicalTrials.gov/show/NCT04815213,1,0,1,0,0
1253,https://ClinicalTrials.gov/show/NCT04821102,1,0,1,0,0
1254,https://ClinicalTrials.gov/show/NCT04821479,1,0,1,0,0
1255,https://ClinicalTrials.gov/show/NCT04822922,1,1,0,0,0
1256,https://ClinicalTrials.gov/show/NCT04823000,1,0,1,0,0
1257,https://ClinicalTrials.gov/show/NCT04825613,1,0,1,0,0
1258,https://ClinicalTrials.gov/show/NCT04825626,1,0,1,0,0
1259,https://ClinicalTrials.gov/show/NCT04825730,1,0,0,1,0
1260,https://ClinicalTrials.gov/show/NCT04834609,1,0,1,0,0
1261,https://ClinicalTrials.gov/show/NCT04835883,1,1,0,0,0
1262,https://ClinicalTrials.gov/show/NCT04847739,1,0,1,0,0
1263,https://ClinicalTrials.gov/show/NCT04850469,1,0,0,0,1
1264,https://ClinicalTrials.gov/show/NCT04855955,1,0,1,0,0
1265,https://ClinicalTrials.gov/show/NCT04863183,1,1,0,0,0
1266,https://ClinicalTrials.gov/show/NCT04865107,1,1,0,0,0
1267,https://ClinicalTrials.gov/show/NCT04869397,1,1,0,0,0
1268,https://ClinicalTrials.gov/show/NCT04869761,1,1,0,0,0
1269,https://ClinicalTrials.gov/show/NCT04876326,1,0,0,1,0
1270,https://ClinicalTrials.gov/show/NCT04877067,1,1,0,0,0
1271,https://ClinicalTrials.gov/show/NCT04888949,1,0,0,0,1
1272,https://ClinicalTrials.gov/show/NCT04889963,1,0,0,1,0
1273,https://ClinicalTrials.gov/show/NCT04893174,1,1,0,0,0
1274,https://ClinicalTrials.gov/show/NCT04896853,1,1,0,0,0
1275,https://ClinicalTrials.gov/show/NCT04898088,1,0,0,0,1
1276,https://ClinicalTrials.gov/show/NCT04903327,1,1,0,0,0
1277,https://ClinicalTrials.gov/show/NCT04905836,1,1,0,0,0
1278,https://ClinicalTrials.gov/show/NCT04909879,1,1,0,0,0
1279,https://ClinicalTrials.gov/show/NCT04909892,1,1,0,0,0
1280,https://ClinicalTrials.gov/show/NCT04914403,1,1,0,0,0
1281,https://ClinicalTrials.gov/show/NCT04918706,1,1,0,0,0
1282,https://ClinicalTrials.gov/show/NCT04919135,1,1,0,0,0
1283,https://ClinicalTrials.gov/show/NCT04925024,1,1,0,0,0
1284,https://ClinicalTrials.gov/show/NCT04928287,1,0,1,0,0
1285,https://ClinicalTrials.gov/show/NCT04939077,1,1,0,0,0
1286,https://ClinicalTrials.gov/show/NCT04939337,1,1,0,0,0
1287,https://ClinicalTrials.gov/show/NCT04951882,1,1,0,0,0
1288,https://ClinicalTrials.gov/show/NCT04953572,1,0,1,0,0
1289,https://ClinicalTrials.gov/show/NCT04953663,1,1,0,0,0
1290,https://ClinicalTrials.gov/show/NCT04954534,1,1,0,0,0
1291,https://ClinicalTrials.gov/show/NCT04956744,1,1,0,0,0
1292,https://ClinicalTrials.gov/show/NCT04961658,1,1,0,0,0
1293,https://ClinicalTrials.gov/show/NCT04971161,1,1,0,0,0
1294,https://ClinicalTrials.gov/show/NCT04971980,1,1,0,0,0
1295,https://ClinicalTrials.gov/show/NCT04972890,1,1,0,0,0
1296,https://ClinicalTrials.gov/show/NCT04976140,1,1,0,0,0
1297,https://ClinicalTrials.gov/show/NCT04990128,1,0,0,0,1
1298,https://ClinicalTrials.gov/show/NCT04992247,1,1,0,0,0
1299,https://ClinicalTrials.gov/show/NCT04992832,1,1,0,0,0
1300,https://ClinicalTrials.gov/show/NCT04995081,1,0,0,1,0
1301,https://ClinicalTrials.gov/show/NCT04996966,1,1,0,0,0
1302,https://ClinicalTrials.gov/show/NCT04998058,1,0,1,0,0
1303,https://ClinicalTrials.gov/show/NCT04998461,1,0,0,0,1
1304,https://ClinicalTrials.gov/show/NCT05000593,1,1,0,0,0
1305,https://ClinicalTrials.gov/show/NCT05003388,1,1,0,0,0
1306,https://ClinicalTrials.gov/show/NCT05003908,1,1,0,0,0
1307,https://ClinicalTrials.gov/show/NCT05003921,1,1,0,0,0
1308,https://ClinicalTrials.gov/show/NCT05003934,1,1,0,0,0
1309,https://ClinicalTrials.gov/show/NCT05003947,1,1,0,0,0
1310,https://ClinicalTrials.gov/show/NCT05003960,1,1,0,0,0
1311,https://ClinicalTrials.gov/show/NCT05008588,1,1,0,0,0
1312,https://ClinicalTrials.gov/show/NCT05011474,1,0,1,0,0
1313,https://ClinicalTrials.gov/show/NCT05016011,1,0,0,1,0
1314,https://ClinicalTrials.gov/show/NCT05016804,1,1,0,0,0
1315,https://ClinicalTrials.gov/show/NCT05016817,1,1,0,0,0
1316,https://ClinicalTrials.gov/show/NCT05017298,1,0,0,1,0
1317,https://ClinicalTrials.gov/show/NCT05018637,1,1,0,0,0
1318,https://ClinicalTrials.gov/show/NCT05018767,1,1,0,0,0
1319,https://ClinicalTrials.gov/show/NCT05018793,1,0,1,0,0
1320,https://ClinicalTrials.gov/show/NCT05018819,1,1,0,0,0
1321,https://ClinicalTrials.gov/show/NCT05018832,1,1,0,0,0
1322,https://ClinicalTrials.gov/show/NCT05018845,1,1,0,0,0
1323,https://ClinicalTrials.gov/show/NCT05018858,1,1,0,0,0
1324,https://ClinicalTrials.gov/show/NCT05018871,1,0,1,0,0
1325,https://ClinicalTrials.gov/show/NCT05027581,1,1,0,0,0
1326,https://ClinicalTrials.gov/show/NCT05035862,1,1,0,0,0
1327,https://ClinicalTrials.gov/show/NCT05039411,1,1,0,0,0
1328,https://ClinicalTrials.gov/show/NCT05042206,1,1,0,0,0
1329,https://ClinicalTrials.gov/show/NCT05043610,1,1,0,0,0
1330,https://ClinicalTrials.gov/show/NCT05047276,1,0,0,0,1
1331,https://ClinicalTrials.gov/show/NCT05054803,1,1,0,0,0
1332,https://ClinicalTrials.gov/show/NCT05060107,1,1,0,0,0
1333,https://ClinicalTrials.gov/show/NCT05061030,1,1,0,0,0
1334,https://ClinicalTrials.gov/show/NCT05066334,1,0,1,0,0
1335,https://ClinicalTrials.gov/show/NCT05075811,1,1,0,0,0
1336,https://ClinicalTrials.gov/show/NCT05078385,1,1,0,0,0
1337,https://ClinicalTrials.gov/show/NCT05080465,1,0,1,0,0
1338,https://ClinicalTrials.gov/show/NCT05081921,1,0,1,0,0
1339,https://ClinicalTrials.gov/show/NCT05086939,1,0,0,1,0
1340,https://ClinicalTrials.gov/show/NCT05092724,1,1,0,0,0
1341,https://ClinicalTrials.gov/show/NCT05094011,1,0,1,0,0
1342,https://ClinicalTrials.gov/show/NCT05095532,1,0,1,0,0
1343,https://ClinicalTrials.gov/show/NCT05106972,1,1,0,0,0
1344,https://ClinicalTrials.gov/show/NCT05113342,1,1,0,0,0
1345,https://ClinicalTrials.gov/show/NCT05116540,1,0,1,0,0
1346,https://ClinicalTrials.gov/show/NCT05116761,1,1,0,0,0
1347,https://ClinicalTrials.gov/show/NCT05120726,1,1,0,0,0
1348,https://ClinicalTrials.gov/show/NCT05121870,1,1,0,0,0
1349,https://ClinicalTrials.gov/show/NCT05122234,1,0,0,0,1
1350,https://ClinicalTrials.gov/show/NCT05125562,1,1,0,0,0
1351,https://ClinicalTrials.gov/show/NCT05126563,1,0,0,1,0
1352,https://ClinicalTrials.gov/show/NCT05127122,1,1,0,0,0
1353,https://ClinicalTrials.gov/show/NCT05130983,1,1,0,0,0
1354,https://ClinicalTrials.gov/show/NCT05131412,1,0,0,0,1
1355,https://ClinicalTrials.gov/show/NCT05132972,1,1,0,0,0
1356,https://ClinicalTrials.gov/show/NCT05147675,1,1,0,0,0
1357,https://ClinicalTrials.gov/show/NCT05147688,1,1,0,0,0
1358,https://ClinicalTrials.gov/show/NCT05147701,1,1,0,0,0
1359,https://ClinicalTrials.gov/show/NCT05147766,1,1,0,0,0
1360,https://ClinicalTrials.gov/show/NCT05147779,1,1,0,0,0
1361,https://ClinicalTrials.gov/show/NCT05151133,1,1,0,0,0
1362,https://ClinicalTrials.gov/show/NCT05152160,1,1,0,0,0
1363,https://ClinicalTrials.gov/show/NCT05152290,1,1,0,0,0
1364,https://ClinicalTrials.gov/show/NCT05152368,1,1,0,0,0
1365,https://ClinicalTrials.gov/show/NCT05152381,1,1,0,0,0
1366,https://ClinicalTrials.gov/show/NCT05152394,1,1,0,0,0
1367,https://ClinicalTrials.gov/show/NCT05154851,1,0,1,0,0
1368,https://ClinicalTrials.gov/show/NCT05155657,1,1,0,0,0
1369,https://ClinicalTrials.gov/show/NCT05157958,1,1,0,0,0
1370,https://ClinicalTrials.gov/show/NCT05158101,1,1,0,0,0
1371,https://ClinicalTrials.gov/show/NCT05158114,1,1,0,0,0
1372,https://ClinicalTrials.gov/show/NCT05158127,1,1,0,0,0
1373,https://ClinicalTrials.gov/show/NCT05158439,1,1,0,0,0
1374,https://ClinicalTrials.gov/show/NCT05158933,1,1,0,0,0
1375,https://ClinicalTrials.gov/show/NCT05160831,1,1,0,0,0
1376,https://ClinicalTrials.gov/show/NCT05162326,1,1,0,0,0
1377,https://ClinicalTrials.gov/show/NCT05165017,1,1,0,0,0
1378,https://ClinicalTrials.gov/show/NCT05167188,1,0,0,0,1
1379,https://ClinicalTrials.gov/show/NCT05167552,1,0,0,0,1
1380,https://ClinicalTrials.gov/show/NCT05167721,1,0,1,0,0
1381,https://ClinicalTrials.gov/show/NCT05176366,1,1,0,0,0
1382,https://ClinicalTrials.gov/show/NCT05177003,1,1,0,0,0
1383,https://ClinicalTrials.gov/show/NCT05182034,1,1,0,0,0
1384,https://ClinicalTrials.gov/show/NCT05187936,1,0,0,0,1
1385,https://ClinicalTrials.gov/show/NCT05191381,1,0,1,0,0
1386,https://ClinicalTrials.gov/show/NCT05193877,1,0,1,0,0
1387,https://ClinicalTrials.gov/show/NCT05204329,1,1,0,0,0
1388,https://ClinicalTrials.gov/show/NCT05207995,1,0,1,0,0
1389,https://ClinicalTrials.gov/show/NCT05210309,1,1,0,0,0
1390,https://ClinicalTrials.gov/show/NCT05215288,1,1,0,0,0
1391,https://ClinicalTrials.gov/show/NCT05216562,1,0,0,0,1
1392,https://ClinicalTrials.gov/show/NCT05224960,1,1,0,0,0
1393,https://ClinicalTrials.gov/show/NCT05227846,1,1,0,0,0
1394,https://ClinicalTrials.gov/show/NCT05240430,1,1,0,0,0
1395,https://ClinicalTrials.gov/show/NCT05243368,1,0,0,0,1
1396,https://ClinicalTrials.gov/show/NCT05261360,1,0,1,0,0
1397,https://ClinicalTrials.gov/show/NCT05262829,1,1,0,0,0
1398,https://ClinicalTrials.gov/show/NCT05270850,1,0,1,0,0
1399,https://ClinicalTrials.gov/show/NCT05276895,1,0,0,0,1
1400,https://ClinicalTrials.gov/show/NCT05279157,1,0,1,0,0
1401,https://ClinicalTrials.gov/show/NCT05279768,1,1,0,0,0
1402,https://ClinicalTrials.gov/show/NCT05280002,1,0,1,0,0
1403,https://ClinicalTrials.gov/show/NCT05283317,1,0,0,0,1
1404,https://ClinicalTrials.gov/show/NCT05284604,1,0,0,0,1
1405,https://ClinicalTrials.gov/show/NCT05286255,1,1,0,0,0
1406,https://ClinicalTrials.gov/show/NCT05288725,1,0,1,0,0
1407,https://ClinicalTrials.gov/show/NCT05292625,1,1,0,0,0
1408,https://ClinicalTrials.gov/show/NCT05305833,1,1,0,0,0
1409,https://ClinicalTrials.gov/show/NCT05308342,1,1,0,0,0
1410,https://ClinicalTrials.gov/show/NCT05308836,1,0,0,0,1
1411,https://ClinicalTrials.gov/show/NCT05315661,1,0,0,0,1
1412,https://ClinicalTrials.gov/show/NCT05319106,1,1,0,0,0
1413,https://ClinicalTrials.gov/show/NCT05322057,1,1,0,0,0
1414,https://ClinicalTrials.gov/show/NCT05329662,1,0,0,1,0
1415,https://ClinicalTrials.gov/show/NCT05331872,1,1,0,0,0
1416,https://ClinicalTrials.gov/show/NCT05333029,1,1,0,0,0
1417,https://ClinicalTrials.gov/show/NCT05333406,1,1,0,0,0
1418,https://ClinicalTrials.gov/show/NCT05338099,1,1,0,0,0
1419,https://ClinicalTrials.gov/show/NCT05344157,1,1,0,0,0
1420,https://ClinicalTrials.gov/show/NCT05345418,1,1,0,0,0
1421,https://ClinicalTrials.gov/show/NCT05348772,1,0,0,0,1
1422,https://ClinicalTrials.gov/show/NCT05354141,1,1,0,0,0
1423,https://ClinicalTrials.gov/show/NCT05362786,1,1,0,0,0
1424,https://ClinicalTrials.gov/show/NCT05385159,1,0,1,0,0
1425,https://ClinicalTrials.gov/show/NCT05387278,1,1,0,0,0
1426,https://ClinicalTrials.gov/show/NCT05402748,1,1,0,0,0
1427,https://ClinicalTrials.gov/show/NCT05407766,1,1,0,0,0
1428,https://ClinicalTrials.gov/show/NCT05413148,1,1,0,0,0
1429,https://ClinicalTrials.gov/show/NCT05433298,1,0,0,0,1
1430,https://ClinicalTrials.gov/show/NCT05442437,1,1,0,0,0
1431,https://ClinicalTrials.gov/show/NCT05443464,1,1,0,0,0
1432,https://ClinicalTrials.gov/show/NCT05447767,1,0,0,0,1
1433,https://ClinicalTrials.gov/show/NCT05456243,1,1,0,0,0
1434,https://ClinicalTrials.gov/show/NCT05464381,1,1,0,0,0
1435,https://ClinicalTrials.gov/show/NCT05465096,1,0,1,0,0
1436,https://ClinicalTrials.gov/show/NCT05468502,1,1,0,0,0
1437,https://ClinicalTrials.gov/show/NCT05484856,1,0,1,0,0
1438,https://ClinicalTrials.gov/show/NCT05490173,1,0,0,0,1
1439,https://ClinicalTrials.gov/show/NCT05491135,1,0,0,0,1
1440,https://ClinicalTrials.gov/show/NCT05491681,1,1,0,0,0
1441,https://ClinicalTrials.gov/show/NCT05494723,1,1,0,0,0
1442,https://ClinicalTrials.gov/show/NCT05495711,1,1,0,0,0
1443,https://ClinicalTrials.gov/show/NCT05497401,1,1,0,0,0
1444,https://ClinicalTrials.gov/show/NCT05499156,1,1,0,0,0
1445,https://ClinicalTrials.gov/show/NCT05501418,1,1,0,0,0
1446,https://ClinicalTrials.gov/show/NCT05507697,1,0,0,1,0
1447,https://ClinicalTrials.gov/show/NCT05507762,1,1,0,0,0
1448,https://ClinicalTrials.gov/show/NCT05508191,1,0,1,0,0
1449,https://ClinicalTrials.gov/show/NCT05512988,1,1,0,0,0
1450,https://ClinicalTrials.gov/show/NCT05520086,1,1,0,0,0
1451,https://ClinicalTrials.gov/show/NCT05520112,1,0,1,0,0
1452,https://ClinicalTrials.gov/show/NCT05520125,1,0,0,0,1
1453,https://ClinicalTrials.gov/show/NCT05521672,1,0,0,1,0
1454,https://ClinicalTrials.gov/show/NCT05522569,1,1,0,0,0
1455,https://ClinicalTrials.gov/show/NCT05523011,1,0,0,0,1
1456,https://ClinicalTrials.gov/show/NCT05531266,1,1,0,0,0
1457,https://ClinicalTrials.gov/show/NCT05532943,1,1,0,0,0
1458,https://ClinicalTrials.gov/show/NCT05535803,1,0,1,0,0
1459,https://ClinicalTrials.gov/show/NCT05549609,1,1,0,0,0
1460,https://ClinicalTrials.gov/show/NCT05553132,1,0,0,1,0
1461,https://ClinicalTrials.gov/show/NCT05559801,1,1,0,0,0
