,Interventions,count,enrolled
0,Biological: AlloRx,26,490
1,nan,15,1251
2,Biological: Mesenchymal Stem Cells,8,126
3,Drug: MSC-AFP,5,52
4,Biological: ALLO-ASC-DFU,5,49
5,Procedure: Autologous Adipose Tissue derived MSCs Transplantation,5,73
6,Biological: Autologous Mesenchymal Stem Cells,5,86
7,Biological: Mesenchymal Stromal Cells,5,106
8,Biological: mesenchymal stem cells,4,58
9,Biological: Mesenchymal stem cells,4,198
10,Biological: Autologous mesenchymal stem cells,4,97
11,Biological: Umbilical cord mesenchymal stem cells,3,45
12,Biological: HB-adMSCs,3,95
13,Biological: autologous mesenchymal stem cells,3,32
14,Biological: Human Umbilical Cord Blood Derived-Mesenchymal Stem Cells,3,30
15,Biological: UMC119-06,3,36
16,Biological: Longeveron Mesenchymal Stem Cells (LMSCs)|Other: Placebo,2,220
17,Biological: XCEL-MT-OSTEO-ALPHA|Procedure: Standard treatment,2,92
18,Biological: MSC,2,49
19,Biological: cell injection,2,12
20,Biological: BOOST cells,2,45
21,Drug: Remestemcel-L|Other: Placebo,2,48
22,Biological: COVI-MSC|Drug: Placebo,2,160
23,Drug: EN001,2,24
24,Procedure: Mesenchymal stem cell infusion,2,45
25,Biological: Autologous adipose-derived mesenchymal stem cells|Other: Standard treatment according to the Clinical protocols,2,20
26,Biological: Placental Matrix-Derived Mesenchymal Stem Cells (PMD-MSCs),2,13
27,Drug: CardioCell|Drug: Placebos,2,165
28,Biological: Mesenchymal stromal cells|Other: Placebo,2,29
29,Drug: Mesenchymal Stem Cells|Other: Placebo,2,80
30,Drug: ExoFlo,2,40
31,Biological: Wharton Jelly Mesenchymal stem cells,2,18
32,Biological: autologous mesenchymal stromal cell,2,19
33,Biological: SCM-AGH|Other: Placebo,2,128
34,Biological: Mesenchyme Stem Cells low-dose group|Biological: Mesenchyme Stem Cells high-dose group|Biological: Placebo,2,180
35,Biological: Autologous BM MSC,2,720
36,Biological: SMUP-IA-01(low-dose)|Biological: SMUP-IA-01(mid-dose)|Biological: SMUP-IA-01(high-dose),2,24
37,Biological: Ex- vivo cultured adult allogeneic MSCs|Biological: Plasmalyte-A,2,132
38,Drug: Prochymal®|Drug: Placebo,2,550
39,Biological: PLX-PAD,2,35
40,Biological: Allogeneic Mesenchymal Stem Cells,2,130
41,Biological: UC-MSCs|Biological: Saline containing 1% Human serum albumin（solution without UC-MSCs）,2,340
42,Biological: Intravenous injection,2,17
43,Biological: mesenchymal stem cells|Other: standard treatment,2,37
44,Procedure: UC-MSCs therapy,2,76
45,Biological: Mesenchymal Stromal Cells|Other: Placebo,2,72
46,Biological: Human umbilical cord mesenchymal stem cells,2,70
47,Biological: Mesenchymal stem cell,2,33
48,Other: stem cells,2,62
49,Biological: hCT-MSC infusion,2,24
50,Biological: Autologous adipose-derived mesenchymal stem cells,1,18
51,Drug: XCEL-MT-OSTEO-ALPHA|Other: autologous iliac crest|Procedure: Surgery,1,19
52,Biological: Mesenchymal stem cells low-dose group|Biological: Mesenchymal stem cells mid-dose group|Biological: Mesenchymal stem cells high-dose group,1,18
53,Biological: Cordstem-ST|Biological: Placebo,1,19
54,Biological: Mesenchymal stem cell 0.5|Biological: Mesenchymal stem cell 1.0,1,19
55,Biological: HMB002,1,17
56,Drug: umbilical cord mesenchymal stem cells combined with collagen scaffold,1,18
57,Biological: MPC; rexlemestrocel-L,1,19
58,Biological: Endobronchial infusion of adult mesenchymal stem cells|Biological: Autologous mesenchymal stem cells derived from bone marrow,1,17
59,Other: MSCs|Drug: Saline,1,18
60,Biological: PN-101,1,18
61,Biological: Allogeneic MSC,1,18
62,Biological: Umbilical Cord Mesenchymal Stem Cell (UC-MSC)|Biological: Conditioned Medium (CM),1,18
63,Drug: Allogenic MSC|Drug: Normal saline,1,18
64,Biological: Wharton jelly derived mesenchymal stem cell|Device: Repetitive electromagnetic stimulation,1,18
65,Biological: Low dose UCMSCs|Biological: Moderate dose UCMSCs|Biological: High dose UCMSCs,1,18
66,Biological: MSC Secretome Eye Drops,1,18
67,Biological: UCMSC|Other: Placebo,1,18
68,Biological: Chondrochymal®,1,18
69,Dietary Supplement: Antioxidative supplementation,1,18
70,Drug: Human umbilical cord mesenchymal stem cell injection,1,18
71,Biological: Autologous Adipose Tissue Derived MSCs Transplantation,1,18
72,Drug: AmnioPul-02,1,18
73,Biological: Autologous adipose derived stem cells administrated for intra-articular use,1,18
74,Biological: Platelet Rich Plasma|Other: Normal Saline,1,18
75,Drug: WJ-MSC (XCEL-UMC-BETA)|Drug: Placebo,1,18
76,Biological: Mesenchymoangioblast-derived mesenchymal stem cells,1,16
77,Drug: Corlicyte,1,16
78,Other: human bone marrow MSC,1,16
79,Drug: human amniotic mesenchymal stem cell,1,16
80,"Biological: Sequential infusion of allogeneic mesenchymal stem cells expanded ""in vitro""",1,15
81,Genetic: Allogenic Mesenchymal Stem Cell,1,15
82,Drug: Adipose Derived Mesenchymal Stem Cells,1,15
83,Biological: Allogeneic (MSC's) Application to the Burn Wounds,1,15
84,Biological: MSC-KI-PL-204,1,15
85,Drug: Human umbilical cord mesenchymal stem cells,1,15
86,Procedure: Lipogems,1,15
87,Biological: PLX-PAD IM injection,1,15
88,Drug: ProTrans,1,15
89,Procedure: Instrumented posterolateral arthrodesis,1,15
90,Drug: iodine I 131 metaiodobenzylguanidine|Drug: Fludarabine|Drug: Thiotepa|Procedure: T-cell depletion|Procedure: Haploidentical stem cell transplantation|Procedure: Donor Lymphocyte Infusion|Drug: Rituximab|Procedure: Co-transplantation of mesenchymal stem cells,1,15
91,Other: Autologous mesenchymal stem cells,1,15
92,Procedure: Implantation|Procedure: Lipoaspiration,1,15
93,Procedure: perforated membrane|Procedure: G2,1,15
94,Biological: Mesenchymal Stem Cells with Arthoscopy|Biological: Mesenchymal Stem Cells without Arthoscopy|Biological: Conditioned Medium without Arthoscopy,1,15
95,Other: Autologous MSC knee implantation,1,15
96,Biological: RNL-Vascostem®,1,15
97,Device: ViviGen,1,15
98,Combination Product: Autologous Chondrocytes in their Pericellular Matrix (Chondrons) Coimplanted with Allogeneic Adipose-Derived Mesenchymal Stromal Cells (AMSCs) in a Fibrin Glue Carrier,1,15
99,Biological: MSCTC-0010,1,15
100,Other: Human umbilical cord-derived mesenchymal stem cells (hUC-MSCs),1,15
101,Biological: Autologous Adipose Mesenchymal Stem Cell Implantation|Biological: Allogeneic Umbilical Cord Mesenchymal Stem Cell Implantation|Biological: Allogeneic Umbilical Cord Mesenchymal Stem Cell and Adipose Secretome Implantation,1,15
102,Drug: Infusion of mesenchymal stem cells from adipose tissue|Other: Infusion of placebo,1,16
103,Biological: AloCelyvir,1,16
104,Drug: PSORI-CM01 formula|Drug: Gu Ben Hua Yu formula|Biological: adipose-derived multipotent mesenchymal stem cells,1,16
105,Drug: Adult Allogeneic Mesenchymal cells from adipose tissue.,1,16
106,Biological: adypose mesenchymal conditioned medium and ligament derived conditioned medium,1,16
107,Biological: human umbilical cord-derived mesenchymal stem cells|Other: saline,1,16
108,Biological: OSSM-001|Other: Placebo,1,16
109,Drug: Allogenic mesenchymal stem cells from adipose tissue|Drug: Placebo,1,19
110,Drug: 20 million Allogeneic Mesenchymal Human Stem Cells|Drug: 100 million Allogeneic Mesenchymal Human Stem Cells,1,16
111,Biological: allo-APZ2-EB,1,16
112,Drug: Allogeneic adipose derived mesenchymal stem cells,1,15
113,Genetic: Human umbilical cord-derived mesenchymal stem cells (hUC-MSCs),1,16
114,Biological: Allogeneic bone marrow derived mesenchymal stem cells,1,16
115,Biological: aMSC|Biological: aMSC+hyaluronan gel,1,16
116,Procedure: Injection of autologous regenerative cells of adipose tissue,1,16
117,Biological: hUC-MSC suspension|Biological: Placebo,1,16
118,Drug: Adipose derived stromal cells intravenously injected,1,15
119,Biological: Conditioned Medium|Biological: Umbilical Cord Mesenchymal Stem Cells|Procedure: Neurologic and Neutrophic Drugs,1,15
120,Drug: autologous adipose tissue derived mesenchymal stem cells,1,15
121,Other: Conventional treatment plus intravenous infusion of allogenic mesenchymal stem cells from adipose tissue.,1,19
122,Biological: Human umbilical cord-derived mesenchymal stem cell infusion,1,20
123,Other: injection the mesenchymal stem cell in non union site,1,19
124,Biological: Mesenchymal progenitor cells,1,22
125,Biological: intravenous injection of mesenchymal stem cells|Biological: injection of cell free media,1,22
126,Biological: GEM00220,1,21
127,"Procedure: Localization, curettage of the fistulous tract and closure of the internal opening without MSC injection.|Procedure: Localization, curettage of the fistulous tract and closure of the internal opening with local MSC injection.",1,21
128,Drug: Mesenchymal stem cells|Drug: Placebo,1,21
129,Biological: ALLO-ASC injection|Drug: Placebo,1,21
130,Biological: JOINTSTEM|Drug: Saline,1,21
131,Drug: Mesenchymal stromal cells (MSC) for infusion,1,21
132,Other: Mesenchymal stem cells,1,21
133,Drug: Mesenchymal Stem Cell,1,21
134,Drug: AstroStem|Other: Placebo-Control,1,21
135,Biological: Stem Cells,1,20
136,Other: human umbilical cord mesenchymal stem cells,1,20
137,Drug: UCMSC|Drug: UDCA,1,20
138,Drug: Single Dose|Drug: Double Dose,1,20
139,Biological: Autologous Adipose MSC's,1,20
140,Biological: INJECTION OF ALLOGENEIC MESENCHYMAL STEM CELLS,1,20
141,Biological: 2 million hMSC/kg|Biological: 4 million hMSC/kg|Biological: 6 million hMSC/kg|Biological: placebo,1,20
142,Biological: MSC administration (intraosseal),1,20
143,Genetic: Autologous BMSCs transplantation|Genetic: Autologous EPCs transplantation|Genetic: IV infusion of placebo,1,20
144,Biological: ALLO-ASC-DFU|Device: Conventional Therapy,1,22
145,Biological: SBI-101,1,22
146,Drug: EV-Pure™ and WJ-Pure™|Drug: Placebo,1,20
147,Drug: Umbilical Cord Lining Stem Cells,1,22
148,Biological: ASC secretome,1,24
149,Biological: JOINTSTEM|Drug: Saline solution,1,24
150,Procedure: Nerve transfer procedure|Procedure: Nerve transfer with HAM-AdMSC composite wrapping,1,24
151,Biological: Injection of autologous bone marrow derived mesenchymal stem cells,1,24
152,Biological: CYP-001,1,24
153,Biological: MSCs-derived exosomes,1,24
154,Biological: Umbilical Cord Mesenchymal Stem Cells + Heparin along with best supportive care.|Other: Vehicle + Heparin along with best supportive care,1,24
155,Biological: HB-adMSCs|Other: Placebo,1,24
156,Drug: Autologous Adipose-Derived Mesenchymal Stromal Cells,1,24
157,Biological: human umbilical cord mesenchymal stem cell complex collagen|Procedure: intrauterine injection,1,24
158,Biological: HB-adMSCs|Drug: Placebo,1,24
159,Procedure: autologous mesenchymal stem cells implantation,1,24
160,Biological: SBI-101|Device: Sham,1,24
161,Drug: ProTrans: Allogeneic transplantation with WJMSCs|Drug: Placebos,1,24
162,Drug: Autologous Adipose Derived Mesenchymal Stromal Cells,1,24
163,Biological: allo-APZ2-DFU,1,23
164,Biological: HUC-MSCs Transplantation|Biological: HUC-MSCs with Injectable Collagen Scaffold Transplantation,1,23
165,Drug: Allogeneic Mesenchymal Bone Marrow Cells (aMBMC)|Drug: Lactated Ringer's Solution,1,23
166,Drug: infusion of BMMSCs|Drug: infusion BMMNCs|Drug: insulin,1,22
167,Biological: Clusters of adipose-derived mesenchymal stem cells (Dose: 1 x 10^7 cells/1 mL/vial)|Biological: Clusters of adipose-derived mesenchymal stem cells (Dose: 1 x 10^8 cells/1 mL/vial),1,20
168,Biological: allogeneic human dental pulp stem cells (BSH BTC & Utooth BTC)|Other: Intravenous saline injection (Placebo),1,20
169,Biological: Biocomplex: aBM-MSCs/fibrin glue/collagen fleece|Procedure: Two-stage surgical implant placement,1,20
170,Drug: Ossium vBM-MSC|Other: Placebo,1,20
171,Biological: Mesenchymal stem cells enriched by extracellular vesicles|Other: Standard treatment of bone defects,1,20
172,Biological: Peripheral iv,1,20
173,Drug: Mesenchymal stem cells isolated from Wharton's jelly,1,20
174,Drug: Adipose derived allogenic mesenchymal stem cells (adAMSC),1,20
175,Genetic: centrifuged fat graft|Genetic: ADSCs enriched fat graft,1,20
176,Biological: Mesenchymal stem cell|Biological: Placebo,1,20
177,Biological: Autologous Mesenchymal Stem Cells Treatment (MSCs)|Drug: Hyaluronic acid (HA),1,20
178,Drug: Stem cell|Drug: Plasmalyte A,1,20
179,Biological: CELYVIR,1,20
180,Biological: UMSC01,1,14
181,Drug: Mesenchymal stromal cells|Other: Placebo,1,20
182,Drug: Bone marrow mesenchymal stem cells|Drug: Placebo,1,20
183,Biological: Application of autologous mesenchymal stem cells,1,20
184,Drug: Descartes-25,1,20
185,Biological: Bone Marrow Mesenchymal Stem Cell Derived Extracellular Vesicles Infusion Treatment,1,20
186,Biological: WJ-MSCs|Biological: Secretomes|Biological: WJ-MSCs and Secretomes,1,20
187,Device: Arthroscopic synovial brushing|Procedure: Microfracture,1,20
188,Biological: Collection and expansion of BM-MSC|Diagnostic Test: VI-SCI evaluation and patients' follow up,1,20
189,Procedure: GF+GMSCs carried on β TCP|Procedure: β TCP bone substitute only,1,20
190,Biological: Mesenchymal Stem Cells (MSCs),1,20
191,Drug: Allogeneic adipose-derived mesenchymal stem cells (MSC),1,20
192,"Drug: Adipose derived, autologous mesenchymal stem cells",1,20
193,Biological: MSCs,1,20
194,Biological: MSC|Drug: Control,1,20
195,Biological: BQ-A Peptide Extract|Biological: Mesenchymal Stem Cells|Device: Transcranial Laser Therapy|Device: Median Nerve Stimulator,1,20
196,Biological: Mesenchymal stromal cells,1,20
197,Drug: mesenchymal stem cells|Drug: Plasmalyte A,1,20
198,Biological: Mesenchymal stem cells capable of differentiation in the endometrial-decidual direction|Other: Standard treatment according to the clinical protocols,1,20
199,Biological: Allogeneic Human Umbilical Cord Mesenchymal Stem Cells,1,20
200,Biological: UC-MSCs|Biological: Saline solution,1,20
201,Biological: intrathecal administration of autologous MSC-NP,1,20
202,Biological: UC-MSCs Gel group|Other: Gel group,1,20
203,Drug: XCEL-M-ALPHA and standard rehabilitation|Other: Rehabilitation,1,20
204,Biological: NurOwn (MSC-NTF cells),1,20
205,Biological: Allogeneic bone marrow-derived MSCs (1 x 10 6 MSC/kg)|Biological: Allogeneic bone marrow-derived MSCs (3 x 10 6 MSC/kg)|Biological: Allogeneic bone marrow-derived MSCs (6 x 10 6 MSC/kg)|Biological: Allogeneic bone marrow-derived MSCs (10 x 10 6 MSC/kg),1,20
206,Biological: Dehydrated human amnion/chorion membrane,1,20
207,Drug: 50 Adipose Derived Stem Cell Infusion|Drug: 150 Adipose Derived Stem Cell Infusion|Drug: 300 Adipose Derived Stem Cell Infusion|Drug: Placebo Infusion,1,20
208,Procedure: Maxillary sinus floor elevation grafting with synthetic bone substitute.,1,20
209,Procedure: SVF injection,1,20
210,Biological: conventional therapy plus low dose hUC-MSCs treatment|Biological: conventional therapy plus medium dose hUC-MSCs treatment|Biological: conventional therapy plus high dose hUC-MSCs treatment,1,20
211,Biological: Mesenchymal stem cells (MSC),1,20
212,Biological: Olfactory mucosa-derived mesenchymal stem cells|Other: Patients treated according to current clinical protocols,1,20
213,"Biological: MSC_NTF cells transplantation by multiple intramuscular injections at 24 separate sites, in addition to a single intrathechal injection into the CSF",1,14
214,Biological: PrimePro™/ PrimeMSK™,1,5000
215,Drug: JOINTSTEM,1,14
216,Other: bone marrow harvest,1,7
217,Genetic: Intervention on primary cultured cells,1,8
218,Other: Placental MSC,1,8
219,Drug: Calcipotriol ointment|Drug: PSORI-CM01 Granule|Biological: adipose-derived multipotent mesenchymal stem cells,1,8
220,Biological: intrathecal injection,1,8
221,Drug: XCEL-MC-ALPHA|Drug: Placebo,1,8
222,Biological: Marrow stromal cell infusion,1,8
223,Biological: PNEUMOSTEM,1,8
224,Other: Autologous Adipose Derived Mesenchymal Stem Cells,1,8
225,Drug: Calcipotriol ointment|Biological: adipose-derived multipotent mesenchymal stem cells,1,8
226,Other: Human amniotic mesenchymal stem cells,1,7
227,Biological: Pneumostem®,1,9
228,Biological: injection of autologous stromal vascular fraction,1,7
229,Drug: Adipose tissue-derived mesenchymal stem cells,1,7
230,Biological: adipose-derived multipotent mesenchymal stem cells,1,7
231,Biological: allogenic bone marrow derived mesenchymal stem cells,1,7
232,Other: Laboratory Biomarker Analysis|Other: Standard of Care|Drug: Mesenchymal Stem Cell Transplantation,1,7
233,Biological: Human umbilical cord mesenchymal stem cells (UC-MSCs),1,7
234,Drug: Mesenchymal Stromal Stem Cells - KI-MSC-PL-205,1,7
235,Biological: Pooled mesenchymal stem cell|Other: Standard treatment according to the Clinical protocols,1,7
236,Biological: Allogeneic adult adipose-derived mesenchymal stem cells,1,7
237,Biological: CL2020 cells,1,9
238,Biological: human umbilical cord blood derived mesenchymal stem cells,1,9
239,Biological: Donor-derived Mesenchymal Stromal Cells|Drug: alemtuzumab|Drug: belatacept|Drug: sirolimus|Drug: mycophenolate mofetil|Drug: mycophenolate acid|Drug: prednisone,1,6
240,Biological: Allogeneic mesenchymal stromal cells,1,9
241,Other: Intramuscular injection of a suspension of adult mesenchymal stem cells derived,1,10
242,Biological: Human umbilical cord blood-derived mesenchymal stem cells,1,10
243,Biological: Allogeneic Bone Marrow-Derived Human Mesenchymal Stem Cells,1,9
244,Biological: Aadipose-Derived Mesenchymal Stem Cells,1,9
245,Biological: Bone marrow autologous mesenchymal stem cells transplantation,1,9
246,Biological: ALLO-ASC,1,9
247,Biological: Mesenchymal Stem Cells derived from Wharton Jelly of Umbilical cords,1,9
248,Drug: pneumostem,1,9
249,Biological: infusion of ADR-001 (Mesenchymal stem cell),1,9
250,Drug: hUC-MSC infusion (BC-U001),1,9
251,Biological: ProTrans®,1,9
252,Biological: Human Umbilical Cord-derived Mesenchymal Stem Cells,1,9
253,"Other: Bone Marrow Cell Transplantation|Radiation: Irradiation, Total Body|Drug: Cyclophosphamide|Drug: Cyclosporin|Procedure: Mesenchymal Stem Cell Transplantation|Drug: Busulfan",1,9
254,Biological: intravenous delivery of allogeneic bone marrow-derived MSCs,1,9
255,Biological: Human Umbilical Cord Derived-Mesenchymal Stem Cells,1,9
256,Biological: CS10BR05,1,9
257,Biological: BC-101,1,9
258,Drug: allogeneic mesenchymal stem cell|Other: Placebo,1,9
259,Biological: Allogeneic Umbilical Cord Tissue-Derived Mesenchymal Stromal Cells,1,9
260,Biological: Intravenous bone marrow mesenchymal stem cells infusion,1,9
261,Biological: Cellavita HD Lower Dose|Biological: Cellavita HD Higher dose,1,6
262,Biological: ALLO-ASC-SHEET|Other: Vehicle Control,1,6
263,Other: BM-MSC,1,14
264,Biological: Autologous Mesenchymal stem cells (MSCs),1,3
265,Procedure: maxillary alveolar graft by tissue engineering|Procedure: Bone tissue engineering using mesenchymal stem cells,1,5
266,Combination Product: CD 34 and MSC infusion|Drug: Standard of care for Cirrhosis management,1,5
267,Drug: Human Umbilical Cord Blood-derived Mesenchymal Stem Cells,1,5
268,Other: Mesenchymal stem cell transplantation,1,5
269,Biological: Allogenic transplant of BM-MSC in a root canal from patients with immature apexes and pulpar necrosis and apical periodontitis,1,5
270,Other: BPF-001,1,5
271,Biological: administered an autologous adipose-derived mesenchymal stem cell spheroid pretreated with matrillin 3,1,4
272,Procedure: bone marrow aspirate,1,3
273,Drug: MR-MC-01,1,3
274,Drug: Differentiation Markers,1,3
275,Genetic: MSC-INFβ|Behavioral: Questionnaires,1,5
276,Biological: Cell injection,1,3
277,Procedure: Intravitreal transplantation of mesenchymal stem cell|Biological: Culture and isolation of autologous bone-marrow mesenchymal stem cells,1,2
278,Drug: MSC Fistula Plug,1,2
279,Procedure: Cellular transplantation,1,1
280,Biological: autologous adipose-derived mesenchymal stem cells,1,1
281,Biological: ASTROSTEM,1,1
282,Biological: Allogeneic bone marrow-derived mesenchymal stromal cells,1,1
283,Drug: Mesenchymal stem cell injection,1,1
284,"Drug: Mesenchymal Stem Cell Antigen-1, Human",1,1
285,Procedure: intravitreal injection of MSV,1,5
286,Drug: Infusion of MSC|Drug: Infusion of placebo,1,5
287,Biological: intra venous injection of stem cell,1,6
288,Biological: stem cell injection,1,6
289,Biological: Mesenchymal Injection,1,6
290,Biological: mesenchymal stem cell,1,6
291,Biological: Approximately 100 million cells allogeneic hMSC,1,6
292,Biological: cell and RPR injection,1,6
293,Biological: UMC119-06-05,1,6
294,Drug: Arterial infusion of autologous mesenchymal stem cells,1,6
295,Drug: cyclophosphamide|Drug: fludarabine phosphate|Radiation: total-body irradiation|Drug: cyclosporine|Drug: mycophenolate mofetil|Procedure: umbilical cord blood transplantation|Procedure: mesenchymal stem cell transplantation,1,6
296,Biological: Intravenous injection autologous mesenchymal stem cells,1,6
297,Biological: hMSCs,1,6
298,Biological: ADR-002K administration,1,6
299,Combination Product: USPIO labeled MSC injection,1,5
300,Combination Product: EB-CMF,1,6
301,Drug: Low Dose Mesenchymal Stem Cells (MSCs),1,6
302,Biological: Infusion of hCT-MSC,1,6
303,Biological: UMC119-06-05|Device: Hyaluronic acid,1,6
304,Biological: Bone marrow derived mesenchymal stem cells,1,6
305,Drug: YB-1113,1,6
306,Biological: mesenchymal stem cells|Drug: cyclophosphamide administration,1,6
307,Procedure: Bone marrow transplantation|Biological: Mesenchymal Stromal Cells,1,6
308,Biological: exosome,1,5
309,Drug: Mesenchymal stem cells,1,10
310,Biological: Allogeneic umbilical cord mesenchymal stem cells,1,10
311,Drug: Bone Marrow MSC Derived Extracellular Vesicle Isolate,1,10
312,Drug: ADSTEM Inj.,1,11
313,"Biological: Autologous bone-marrow derived, interferon gamma stimulated mesenchymal stromal cells",1,12
314,Drug: Bone marrow-derived mesenchymal stromal cells (MSCs),1,12
315,Biological: Mesenchymal stromal cell therapy,1,12
316,Drug: Mesenchymal Stromal Cell (MSC) injections,1,12
317,Procedure: Adipose tissue injection associated with endorectal advancement flap.,1,12
318,Biological: Low dose adipose tissue derived mesenchymal stromal cells (A-MSC)|Biological: High dose adipose tissue derived mesenchymal stromal cells (A-MSC),1,12
319,Procedure: Intramyocardial implantation of of a novel mesenchymal precursor cell type (iMP).,1,11
320,Biological: MSV treatment,1,11
321,Biological: autologous adipose tissue derived stromal vascular fraction (SVF),1,11
322,Drug: Prochymal®,1,11
323,Biological: OSSM-001,1,12
324,Biological: Autologous mesenchymal stromal cells (MSCs),1,11
325,Drug: Jointstem,1,11
326,Other: Cord-blood mesenchymal stromal cells,1,11
327,Biological: Exosomes (sEVs),1,10
328,Biological: anterior iliac crest graft|Biological: lateral ramus cortical bone+BFPSC+NBBM|Biological: anterior iliac crest graft+BFPSC+NBBM,1,10
329,Biological: expanded autologous bone marrow derived MSC,1,10
330,Drug: Linagliptin,1,10
331,Drug: mesenchymal stromal cells,1,10
332,Drug: XCEL-UMC-BETA|Drug: Placebo,1,10
333,Biological: RegStem,1,12
334,Biological: stem cells|Other: placebo,1,12
335,Biological: Fucosylated MSC for Osteoporosis,1,10
336,Biological: 1X level of MSCs-Exo|Biological: 2X level of MSCs-Exo|Biological: 4X level of MSCs-Exo|Biological: 6X level of MSCs-Exo|Biological: 8X level of MSCs-Exo,1,24
337,Drug: Darvadstrocel,1,14
338,Procedure: Stem Cell Transplantation,1,14
339,Drug: BCP with autologous mesenchymal stem cells (MSC).,1,13
340,Drug: ADSTEM Inj. (Adult human mesenchymal stem cells),1,13
341,Biological: Allogeneic Umbilical Cord Mesenchymal Stem Cell,1,12
342,Biological: 1 x 10^6 MSCs|Biological: 10 x 10^6 MSCs|Biological: 50 x 10^6 MSCs,1,12
343,Biological: Olfactory mucosa-derived mesenchymal stem cells,1,12
344,Biological: hCT-MSC,1,12
345,Other: Autologous bone marrow mesenchymal stem cells (MSV),1,12
346,Drug: ET-STEM,1,12
347,Combination Product: PeriCord: Expanded and cryopreserved allogeneic umbilical cord Wharton´s jelly-derived adult mesenchymal stem cells colonized on human pericardial matrix.|Procedure: Surgery by sternotomy,1,12
348,Drug: 20 million hMSCs|Drug: 40 million hMSCs|Drug: 80 million hMSCs,1,12
349,Procedure: Bone Marrow Aspiration|Diagnostic Test: Ultrasound Imaging of Salivary Glands|Other: Salivary Assay|Other: Quality of Life Instruments,1,12
350,Biological: MSC-NTF cells transplantation (IM)|Biological: MSC-NTF cells transplantation (IT),1,12
351,Biological: AloCELYVIR,1,12
352,Biological: Allogeneic mesenchymal stromal cells (MSCs)|Biological: Extracorporeal photopheresis (ECP),1,12
353,Biological: XSTEM-VLU|Other: Vehicle,1,12
354,Biological: ALLO-ASC(allogeneic adipose derived mesenchymal stem cell) injection,1,12
355,Other: HC-SVT-1001(initial protocol); HC-SVT-1002 (protocol amendment),1,12
356,Drug: Albuterol Sulfate|Drug: Interferon gamma-primed mesenchymal stromal cells (MSCs)|Drug: Prednisone,1,12
357,Drug: AGLE-102,1,10
358,Combination Product: adipose-derived messenchymal stem cell,1,10
359,Biological: Synovial Tissue and Fat Pad Stromal Vascular Fraction,1,10
360,Other: no Intervention,1,10
361,Procedure: Bone marrow aspiration,1,10
362,Biological: Longeveron Mesenchymal Stem Cells,1,10
363,Procedure: MSCs injection,1,10
364,Biological: Cellgram-CKD,1,10
365,"Biological: Autologous, Adipose derived Mesenchymal Stem Cells",1,10
366,Biological: Injection of Umbilical cord derived MSCs,1,10
367,Biological: CS20AT04 (allogenic bone marrow derived mesenchymal stem cell),1,10
368,Biological: Autologous Mesenchymal Bone Marrow Cell,1,10
369,Biological: Cellgram™ (Bone marrow-derived MSCs),1,10
370,Biological: autologous bone marrow derived mesenchymal stromal cells,1,10
371,Genetic: allogeneic mesenchymal stem cell transplantation,1,10
372,Biological: Allogeneic Bone Marrow Derived Mesenchymal Stem Cells (BMD-MSCs),1,10
373,Procedure: MSC Treatment,1,10
374,Other: tissue engineered group|Procedure: autogenous bone graft group,1,10
375,Diagnostic Test: progenitor potential of Gingival Mesenchymal cells,1,10
376,Biological: Wharton Jelly derived mesenchymal stem cell,1,10
377,Biological: Adult Autologous Mesenchymal Bone Marrow Cell,1,10
378,Drug: AstroStem-V,1,10
379,Biological: Allogeneic adipose derived stem/stromal cells,1,10
380,Drug: Prochymal™ adult human mesenchymal stem cells|Drug: adult human mesenchymal stem cells,1,10
381,Biological: Autologous mesenchymal stem cell,1,10
382,Biological: Allogeneic Mesenchymal Stromal Cells,1,10
383,Procedure: surgical operation of cell transplantation,1,10
384,Biological: Autologous mesenchymal stem cells|Other: standard treatment,1,10
385,Biological: Adipose tissue derived mesenchymal stem cell,1,10
386,Drug: Homeo-GH,1,10
387,Drug: Exosome ointment,1,10
388,Genetic: Mesenchymal stem cells,1,10
389,Biological: clinical grade umbilical cord mesenchymal stem cells,1,10
390,Genetic: mesenchymal stem cells,1,10
391,Drug: Single bilateral intra-articular injection of allogeneic BM-MSCs for lumbar facet joint arthropathy,1,10
392,Other: Exosomes derived from mesenchymal stromal cells (MSCs),1,10
393,Procedure: Bronchoscopy,1,10
394,Other: MSC,1,10
395,Device: flow cytomery,1,10
396,Drug: AGLE 102,1,10
397,Biological: Umbilical Cord Mesenchymal Stem Cell Therapy,1,10
398,Biological: MSCTC-0010 Dose Escalation,1,10
399,Procedure: intrauterine injection|Biological: human umbilical cord mesenchymal stem cell,1,10
400,Drug: mesenchymal stem cell,1,10
401,Biological: Mesenchymal Stem Cell (MSC) therapy,1,10
402,Other: Umbilical cord MSCs,1,10
403,Drug: MSC11FCD,1,10
404,Biological: CARTISTEM®,1,12
405,Biological: Autologous Adipose Tissue derived MSCs 1x10^8cells/3ml,1,26
406,Biological: Autologous mesenchymal stem cell transplantation,1,24
407,Other: Best Practice|Biological: Mesenchymal Stem Cell,1,70
408,Biological: Autologous Mesenchymal Stem Cells|Other: Placebo,1,76
409,Other: stem cell preparation combined with silver ion dressing|Procedure: silver ion dressing,1,76
410,Device: Microfragmented Adipose Tissue (Lipogems)|Drug: Corticosteroid injection|Drug: Saline,1,75
411,Biological: Allogeneic umbilical cord mesenchymal stem cells|Biological: Controlled normal saline,1,75
412,Drug: allo-APZ2-OTS|Drug: Placebo,1,74
413,Biological: Single Application of Adipose Derived Mesenchymal Stem Cells (AMSC)|Drug: Placebo|Biological: Two Applications of Adipose Derived Mesenchymal Stem Cells (AMSC),1,74
414,Drug: adult human mesenchymal stem cells,1,73
415,Other: Best Practice|Other: Laboratory Biomarker Analysis|Drug: Mesenchymal Stem Cell Transplantation,1,72
416,Biological: Livercellgram,1,72
417,Drug: Bone marrow mesenchymal stem cells|Drug: hyaluronic acid,1,70
418,Drug: PROCHYMAL®|Drug: Placebo,1,63
419,Biological: Allogenic stromal mesenchymal cells derived from the umbilical cord|Procedure: Debridement and microfracture,1,70
420,Biological: Pneumostem®|Other: Normal Saline,1,69
421,Biological: Mesenchymal Stromal Cells|Other: Supportive Care,1,66
422,Biological: SVF treatment,1,66
423,Biological: the ATMP Protrans,1,66
424,Biological: Injection of mesenchymal stem cells|Biological: Injection of albumin alone,1,66
425,Procedure: transplantation of human UC-MSCs into ovaries of POI patients|Drug: hormone replacement treatment,1,66
426,Biological: Allogeneic Human Mesenchymal Stem Cells (allo-hMSCs)|Biological: Placebo|Biological: Penicillin/Streptomycin-Free Allogeneic Human Mesenchymal Stem Cells (allo-hMSCs),1,65
427,Biological: Autologous human mesenchymal cells (hMSCs)|Biological: Autologous human bone marrow cells (hBMCs)|Biological: Placebo,1,65
428,Biological: SCM-CGH|Other: Placebo,1,77
429,Biological: Umbilical Cord Mesenchymal Stem Cells|Biological: Conditioned Medium|Other: Standard Therapy,1,78
430,Other: placenal MSC derived exosomes,1,80
431,Biological: HB-adMSCs (allogeneic)|Other: Placebo,1,80
432,Biological: Hearticellgram-AMI,1,90
433,Diagnostic Test: Intestinal microbiome new generation sequencing,1,90
434,Drug: Autologous MSC from bone marrow|Drug: Placebo comparator,1,90
435,Drug: High dose allogeneic mesenchymal stromal cells|Drug: Low dose allogeneic mesenchymal stromal cells|Drug: Placebos,1,90
436,Biological: SMUP-IA-01(low dose)|Biological: SMUP-IA-01(mid dose)|Drug: Active Control Group Sodium chloride,1,90
437,Other: Observational,1,86
438,Procedure: Osteosynthesis,1,85
439,Other: conditioned media of umbilical cord blood-derived stem cells|Other: Placebo,1,84
440,Drug: Thymoglobulin|Drug: Cyclophosphamide|Drug: Fludarabine|Radiation: Total Body Irradiation|Procedure: Bone marrow infusion|Drug: Tacrolimus|Drug: Mycophenolate Mofetil|Biological: Donor mesenchymal stem cell infusions|Drug: Busulfan,1,84
441,Other: UC-MSCs by peripheral intravenous infusion|Drug: received hormone maintenance therapy,1,82
442,Drug: Bone-marrow derived MSCs|Drug: Placebo,1,82
443,Drug: Bone Marrow Mesenchymal Stem Cell Derived Extracellular Vesicles|Other: Saline,1,81
444,Drug: Low Dose Mesenchymal Stem Cells (MSCs)|Drug: High Dose Mesenchymal Stem Cells (MSCs)|Drug: Placebo Infusion,1,81
445,Biological: bone allogaft with bone marrow concentrate,1,80
446,Biological: Mesenchymal stem cells|Other: Saline,1,80
447,Procedure: large volume whole-lung lavage (WLL)|Biological: clinical grade umbilical cord mesenchymal stem cells,1,80
448,Drug: Mesenchymal stem cell|Drug: Control group,1,80
449,Drug: ◦Drug: ASCs. + fibrin glue|Drug: fibrin glue,1,80
450,Other: placenta-MSCs derived exosomes,1,80
451,Biological: ALLO-ASC-SHEET,1,64
452,Drug: Prochymal™|Drug: Placebo,1,62
453,Biological: autologous adipose derived stem cells,1,54
454,Biological: Mesenchymal stromal cell|Biological: Saline,1,59
455,Biological: it-hMSC,1,60
456,Drug: Exosome-MSC Intravenous injection|Drug: Placebo Intravenous Injection|Drug: COVID-19 Standard Treatment,1,60
457,Biological: MSC|Biological: Saline,1,60
458,Biological: Auotologous AMSCs plus autologous PRP|Biological: Auotologous PRP,1,60
459,Biological: Auotologous BMSCs plus autologous PRP|Biological: Auotologous PRP,1,60
460,Biological: Dosage 1 of MPCs-derived exosomes|Biological: Dosage 2 of MPCs-derived exosomes|Biological: No MPCs-derived exosomes,1,60
461,Procedure: platelet rich plasma injection in post burn facial scar|Procedure: fat injection in post burn facial scar,1,60
462,Biological: Biological/Vaccine: Allogeneic HB-adMSCs|Other: Placebo,1,60
463,Biological: Low dose mesenchymal stem cells|Biological: High dose mesenchymal stem cells|Procedure: Intraarticular injection,1,60
464,Biological: ALLO-ASC-DFU|Other: Standard therapy,1,59
465,Biological: Longeveron Mesenchymal Stem Cells (LMSCs)|Biological: Fluzone High Dose Vaccine,1,62
466,Drug: LLP2A-ALENDRONATE|Drug: Placebo,1,58
467,Other: Laboratory Biomarker Analysis|Procedure: Mesenchymal Stem Cell Transplantation|Biological: Oncolytic Measles Virus Encoding Thyroidal Sodium Iodide Symporter,1,57
468,Biological: ALLO-ASC-DFU|Procedure: Hydrogel SHEET(Vehicle control),1,56
469,Biological: HB-adMSCs|Other: Placebos,1,55
470,Drug: Chondrogen|Drug: Placebo,1,55
471,Biological: Placental Mesenchymal Stem Cells seeded on a commercially available dural graft extracellular matrix|Other: Untreated contemporaneous cohort,1,55
472,Drug: remestemcel-L,1,55
473,Biological: Placebo Infusion|Biological: Autologous BMMNC Infusion,1,55
474,Drug: MSC-exosomes delivered intravenously every other day on an escalating dose: (2:4:8)|Drug: MSC-exosomes delivered intravenously every other day on an escalating dose (8:4:8)|Drug: MSC-exosomes delivered intravenously every other day (8:8:8),1,55
475,Biological: Allogeneic Bone Marrow-Derived Human Mesenchymal Stromal Cells|Biological: Plasma-Lyte A,1,60
476,Biological: Umbilical cord derived Mesenchymal Stem Cells|Other: Supervised physical therapy,1,60
477,Biological: Provacel|Biological: Placebo,1,60
478,Procedure: autologous bone marrow aspirate concentrate by centrifugation,1,60
479,Combination Product: Mesenchymal stem cells associated with biomaterials|Combination Product: Iliac crest autogenous bone graft,1,62
480,Biological: Pneumostem®|Biological: normal saline,1,62
481,Drug: Mesenchymal Precursor Cells (MPCs),1,61
482,Drug: Autologous Adipose-derived Mesenchymal Stromal Cells,1,60
483,Drug: Oseltamivir|Drug: hormones|Device: oxygen therapy|Procedure: mesenchymal stem cells,1,60
484,Biological: Umbilical Cord Lining Stem Cells (ULSC)|Other: Placebo (carrier control),1,60
485,Procedure: HAM and HUMCWJ Injections,1,60
486,Biological: mesenchymal cell transplantation|Biological: placebo,1,60
487,Biological: Bone Marrow Mesenchymal Stem Cell Derived Extracellular Vesicles|Other: Saline,1,60
488,Biological: COVI-MSC|Biological: Placebo,1,60
489,Biological: PNEUMOSTEM®|Biological: normal saline,1,60
490,Biological: Mesenchymal stem cell|Other: Placebo,1,60
491,Biological: Mesenchymal Stem Cells (MSCs)|Other: Placebo Infusion (Plasmalyte A with 0.5% human serum albumin),1,60
492,Biological: Olfactory mucosa-derived mesenchymal stem cells|Other: Standard treatment of type Allergic Rhinitis according to the clinical protocols|Other: Standard treatment of type Chronic Polypous Rhinosinusitis according to the clinical protocols,1,60
493,Drug: Mesenchymal Stem Cells|Drug: Hyaluronan,1,60
494,Biological: Exosome of MSC,1,60
495,Procedure: Seton Placement|Drug: AVB-114,1,60
496,Drug: it-hMSC|Drug: Placebo,1,60
497,Biological: Mesenchymal Precursor Cells (MPCs)|Procedure: standard-of-care treatment with mock mapping and injection procedures.,1,60
498,Other: Long term follow up,1,91
499,Biological: Infusion of allogeneic umbilical cord blood|Biological: Infusion of MSCs,1,91
500,Procedure: Human biological samples,1,93
501,Drug: Human Umbilical Cord-derived Mesenchymal stem cell|Drug: placebo,1,180
502,Biological: Intravenous infusion placebo|Biological: Intravenous infusion WJMSCs,1,200
503,Drug: MesoCellA-Ortho administration|Drug: HA administration,1,200
504,Biological: Cellgram-LC,1,200
505,Biological: Umbilical Cord-derived Mesenchymal Stem Cells|Drug: Placebo,1,200
506,Biological: allo-APZ2-CVU|Drug: Placebo,1,200
507,Biological: autologous adipose-derived stem cells,1,200
508,Drug: Prochymal®|Other: Placebo|Other: Corticosteroid,1,192
509,Other: hUC-MSCs|Other: glucocorticoids,1,182
510,Procedure: Transplantation of nanoparticles|Procedure: Transplantation of iron-bearing nanoparticles|Device: Stenting,1,180
511,Biological: low dose hMSC-Exos|Biological: medium dose hMSC-Exos|Biological: high dose hMSC-Exos|Biological: Dosage 1of hMSC-Exos|Biological: Dosage 2 of hMSC-Exos|Biological: No hMSC-derived exosomes,1,169
512,Procedure: blood and FFPE sample collection,1,94
513,Procedure: Kidney transplantation with MSCs infusion|Procedure: kidney transplantation without MSC infusion,1,165
514,Biological: Cord Tissue Mesenchymal Stromal Cells|Other: Placebo Infusion,1,164
515,Biological: ALLO-ASC-DFU|Procedure: Vehicle sheet,1,164
516,Genetic: intracoronary human umbilical WJ-MSC transfer,1,160
517,Biological: Umbilical Cord-Derived Mesenchymal Stem Cell for Male Patients with Sexual Deficiency,1,158
518,Biological: Mesenchymal stem cells|Drug: Glucocorticoids|Drug: cyclosporine,1,152
519,Other: Bone marrow analyses,1,150
520,Procedure: Stem Cell Therapy,1,150
521,Combination Product: Advanced medicinal Therapy (MSC combined with biomaterial)|Procedure: Autologous bone graft,1,150
522,Biological: umbilical cord-derived mesenchymal stem cell|Other: Comprehensive treatment,1,200
523,Biological: MC0518|Biological: BAT,1,210
524,Biological: Umbilical Cord-Derived Wharton's Jelly Mesenchymal Stem Cells (WJ-MSCs)|Other: Conventional Treatment,1,240
525,Biological: UC-MSCs|Biological: Placebo(solution without UC-MSCs),1,240
526,Procedure: Therapeutic Plasma exchange|Biological: Convalescent Plasma|Drug: Tocilizumab|Drug: Remdesivir|Biological: Mesenchymal stem cell therapy,1,600
527,Biological: Allogeneic Mesenchymal Precursor Cells (MPCs)|Other: Sham Comparator,1,566
528,Procedure: Arm 1,1,500
529,Biological: Bone Marrow Derived MSCs|Biological: Adipose-derived MSCs|Biological: Umbilical Cord Tissue (UCT) MSCs|Drug: Corticosteroid injection,1,480
530,Drug: EXOFLO,1,400
531,"Biological: Injection of C3BS-CQR-1|Biological: Sham, no injection",1,315
532,Other: rehabilitation|Biological: stem cell injection,1,300
533,Biological: Celltex- AdMSCs,1,300
534,Biological: MesenCure|Other: Placebo,1,300
535,Biological: cell therapy|Other: rehabilitation,1,300
536,Biological: Intravenous infusion human umbilical Wharton's jelly-derived mesenchymal stem Cell or placebo PBS,1,300
537,Biological: BMAC,1,300
538,Other: Cx601|Other: Saline solution,1,278
539,Drug: conventional plus MSC treatment|Drug: conventional plus placebo treatment,1,266
540,Biological: NurOwn® (MSC-NTF cells)|Other: Placebo|Other: Bone Marrow aspiration,1,263
541,Biological: JOINTSTEM|Drug: saline,1,260
542,Biological: Prochymal®|Drug: Placebo|Drug: Standard of Care for GVHD,1,260
543,Genetic: autologous peripheral blood mesenchymal stem cell|Procedure: Microfracture|Combination Product: Microfracture + collagen membrane|Procedure: Autologous osteochondral transplantation,1,252
544,Biological: human umbilical cord mesenchymal stem cell,1,242
545,Biological: Autologous adipose tissue derived stromal cells,1,140
546,Procedure: Subtalar Arthrodesis,1,140
547,Drug: JointStem|Other: Placebo Control,1,140
548,Other: Placebo|Biological: Mesenchymal Precursor Cells (MPC) 12.5 M|Biological: Mesenchymal Precursor Cells (MPC) 25 M,1,106
549,Biological: Cartistem|Procedure: Microfracture treatment,1,104
550,Biological: Umbilical cord mesenchymal stem cells|Biological: Controlled suspension liquid,1,103
551,Biological: CARTISTEM|Procedure: Microfracture,1,103
552,Biological: human umbilical cord mesenchymal stem cells (hUC-MSCs),1,102
553,Biological: CARTISTEM®|Procedure: Microfracture,1,102
554,Procedure: stereotactic surgery|Biological: hUMSCs|Biological: placebo,1,100
555,Procedure: Autologous adipose derived Mesenchymal Stromal Cells (MSC) injection into the knee joint,1,100
556,Procedure: Laser therapy|Biological: Autologous ADSC injection|Procedure: Normal saline injection,1,100
557,Biological: Chondrogen|Biological: Placebo,1,100
558,Biological: Mesenchymal stem cell augmentation in rotator cuff repair|Procedure: Standard arthroscopic rotator cuff repair,1,100
559,Device: Autologous Bone Marrow Derived Mesenchymal Stem Cells|Other: Sham incision,1,100
560,Drug: transplantation of mesenchymal stem cell|Drug: no transplantation of mesenchymal stem cell,1,100
561,Biological: Bone Marrow Aspirate Concentrate|Procedure: Standard Meniscectomy,1,100
562,Biological: Injection (2x106 ASC/5ml).|Biological: Injection (10x106 ASC/5ml).|Other: Placebo,1,100
563,Drug: AstroStem|Drug: Placebo,1,100
564,Biological: Single Dose MPCs Injection|Procedure: Single injection of saline solution|Procedure: Single injection of hyaluronic acid,1,100
565,Biological: BRTX-100|Drug: Saline,1,99
566,Drug: Placebo|Drug: PROCHYMAL adult human mesenchymal stem cells,1,98
567,Procedure: Cord Blood Infusion|Drug: Busulfan|Drug: Fludarabine|Drug: Rituximab|Other: ATG|Drug: Cyclophosphamide|Drug: Clofarabine|Radiation: Total Body Irradiation (TBI)|Drug: Melphalan|Drug: Tacrolimus|Drug: Mycophenolate Mofetil|Drug: G-CSF,1,98
568,Drug: Cardiac Drug|Drug: Placebos,1,105
569,Biological: Trinity Evolution,1,106
570,Biological: allogeneic human mesenchymal stem cells (hMSCs)|Other: Placebo,1,136
571,Biological: Mesenchymal progenitor cells|Biological: No mesenchymal progenitor cells,1,108
572,Biological: Subtenon injection of Wharton jelly derived mesenchymal stem cells|Biological: Subtenon injection of Wharton jelly derived mesenchymal stem cell exosomes|Other: Placebo,1,135
573,Drug: UC-MSC|Drug: Anti-CD25 mAb,1,130
574,Biological: Autologous adipose-derived mesenchymal stem cell administration for female with sexual functional deficiency,1,130
575,Biological: Human umbilical cord derived CD362 enriched MSCs|Biological: Placebo (Plasma-Lyte 148),1,129
576,Biological: JOINTSTEM,1,129
577,Biological: Mesenchymal Stem Cells (MSC)|Biological: c-kit+ cells|Biological: Placebo (Plasmalyte A),1,125
578,Biological: DB-001|Other: Intravenous normal saline,1,120
579,Biological: Stem cells|Biological: Placebo,1,120
580,Other: Umbilical cord MSCs|Other: 0.9% Saline,1,120
581,Biological: Bone Marrow Derived MSCs|Drug: Corticosteroid|Device: Bone Marrow Aspirate,1,120
582,Biological: Cotransplant with MSCs,1,120
583,Drug: Autologous MSCs|Drug: Allogenic MSCs|Drug: Hyaluronic Acid,1,120
584,Biological: Human Mesenchymal Stromal Cells|Biological: Cell Reconstitution Media,1,120
585,Biological: human umbilical cord mesenchymal stem cells|Biological: Placebo|Other: standardized treatment,1,120
586,"Biological: MSC|Drug: ""celecoxib"", ""Celebrex®""",1,120
587,Biological: ADSTEM Inj.|Other: Placebo,1,118
588,Biological: Lenzumestrocel|Drug: Riluzole|Drug: Placebo Comparator,1,115
589,Device: Lipogems,1,112
590,Biological: mesenchymal stem cell application,1,110
591,Biological: Cellgram-ED,1,54
592,Biological: XSTEM-OA,1,54
593,Other: Cellular Therapy|Drug: Ruxolitinib,1,24
594,Drug: WJ-MSC|Drug: Teriparatide,1,30
595,Drug: Group 2: Dasatinib|Drug: Group 2: Quercetin,1,30
596,Biological: Human umbilical cord mesenchymal stem cells（HUC-MSCs）|Biological: Placebo,1,30
597,Biological: Ex vivo expanded Wharton's Jelly Mesenchymal Stem Cells|Biological: Placebo,1,30
598,Drug: UC-MSC infusion,1,30
599,Combination Product: CYP-006TK,1,30
600,Other: Alogenic adipose tissue-derived stem cells|Drug: Placebo solution,1,30
601,Biological: tissue repair cells (TRC)|Biological: bone marrow stem cells (BMC),1,30
602,Biological: MSC and Tregs,1,30
603,Biological: Allogeneic adipose-derived stem cells,1,30
604,Procedure: Micro-fragmented adipose tissue injection,1,30
605,Drug: adipose derived mesenchymal stromal cells|Drug: Saline,1,30
606,Drug: Hyaluronic acid|Biological: 10 million Bone marrow mesenchimal stem cells|Biological: 100 million Bone marrow mesenchimal stem cells,1,30
607,Drug: XCEL-UMC-BETA|Other: Placebo,1,30
608,Biological: Umbilical Cord Mesenchymal Stem Cells|Biological: saline,1,30
609,Biological: BM-MSCs/fibrin glue/collagen fleece|Other: Fibrin glue/collagen fleece|Procedure: Open flap debridement,1,30
610,Other: Allogenic mesenchymal stromal cells injection|Drug: Hyaluronic Acid,1,30
611,Other: Autologous mesenchymal stem cells from adipose tissue.,1,30
612,Biological: Autologous adipose-derived mesenchymal stem/stromal cells (MSC) Lower Dose|Biological: Autologous adipose-derived mesenchymal stem/stromal cells (MSC) Higher Dose,1,30
613,Drug: GXCPC1|Device: HA,1,30
614,Biological: Allogeneic hMSCs,1,30
615,Biological: Descartes 30,1,30
616,Biological: IMS001,1,30
617,Biological: Cell-based therapy of autologous adipose derived regenerative cells transplanted intraspinally and intrathecally in ALS patients,1,30
618,Biological: MSC Treatment|Biological: Saline Control,1,30
619,Biological: Remestemcel-L,1,32
620,Biological: Allogenic pooled olfactory mucosa-derived mesenchymal stem cells|Other: Standard treatment according to the Clinical protocols,1,32
621,Other: Intravenous infusion of cells,1,32
622,Drug: Prochymal® - 2 Million cells/kg|Drug: Prochymal®- 8 Million cells/kg|Drug: Methylprednisolone|Drug: Prednisone|Drug: Cyclosporine|Drug: Tacrolimus|Drug: Mycophenolate Mofetil,1,32
623,Drug: Cyclophosphamide|Drug: Fludarabine|Drug: Anti-thymocyte globulin|Drug: Cyclosporine A|Drug: Mycophenolate mofetil|Procedure: Mesenchymal stem cell transplantation|Radiation: Total body irradiation|Procedure: Bone marrow or umbilical cord blood (UCG) stem cell transplantation,1,32
624,Biological: Wharton's jelly derived mesenchymal stem cell,1,32
625,Biological: Auto-hMSCs|Biological: Allo-hMSCs,1,31
626,Genetic: Autologous mesenchymal stem cells,1,31
627,Biological: allo-APZ2-CVU,1,31
628,Biological: stem cell,1,31
629,Biological: SVF Containg Autologous Non Expanded ADSC,1,31
630,Biological: CELLISTEM-OA|Drug: Triamcinolone acetonide,1,30
631,Biological: ALLO-ASC-TI|Drug: Placebo,1,30
632,Biological: Adipose Tissue derived Total-Stromal-Cells (TOST),1,30
633,Drug: Mesenchymal stem cell|Drug: Isotonic NaCl,1,30
634,Dietary Supplement: Fisetin|Drug: Placebo oral capsule,1,30
635,Biological: human derived umbilical cord derived mesenchymal stem cells,1,30
636,Biological: Mesenchymal Stem Cells Transplantation,1,30
637,Device: Fractional CO₂ Laser|Device: Microneedle,1,30
638,Biological: umbilical-cord mesenchymal stromal cells|Drug: Hyaluronic Acid,1,30
639,Combination Product: Expanded autologous bone marrow-derived mesenchymal stem cell,1,30
640,Biological: Mesenchymal progenitor cells|Biological: Sodium Hyaluronate,1,53
641,Biological: PTA + Infusion of MSC_Apceth|Procedure: PTA,1,25
642,Procedure: Intracoronary infusion of autologous bone marrow cells,1,27
643,Procedure: Stem Cell with Amniotic Membrane Transplant,1,27
644,Biological: AlloRx Stem Cells®|Other: Placebo control,1,26
645,Biological: Suspension of human autologous MSC 3P in 1.5 ml,1,26
646,Other: Bone marrow mesenchymal stem cells autologous|Other: Placebo comparator,1,26
647,Drug: HCR040 (Phase 1)|Drug: Placebo (Phase 2)|Drug: HCR040 (Phase 2),1,26
648,Biological: Cultured autologous Mesenchymal Cells,1,26
649,Drug: ALLOGENEIC AND EXPANDED ADIPOSE TISSUE-DERIVED MESENCHYMAL STEM CELLS,1,26
650,Other: CONVENTIONAL PHYSICAL THERAPY|Other: MUSCLE ENERGY TECHNIQUE,1,26
651,Biological: mesenchymal stem cells|Biological: limbal stem cells|Other: standard treatment,1,25
652,Device: Marrow Cellution System,1,30
653,Biological: Allogenic Mesenchymal Stromal Cells|Drug: Mepivacaine,1,25
654,Other: no intervention,1,25
655,Drug: REcycled CartiLage Auto/Allo IMplantation,1,25
656,Procedure: Tendon repair procedure|Procedure: Tendon repair augmented with AAdMSC-HAM composite,1,24
657,Biological: Mesenchymal Stem Cells (MSC),1,24
658,Biological: hUCMSCs,1,24
659,Biological: allogenic adipose stem cell injection|Biological: fibrin glue/normal saline injection|Biological: normal saline injection,1,24
660,Biological: Mesenchymal Stromal Stem Cells (MSCs) Infusion|Other: Normal Saline (Placebo) Infusion,1,24
661,Drug: TH-SC01,1,24
662,Biological: autologous mesenchymal stem cells|Biological: normal saline,1,27
663,Procedure: Injection of autologous adipose tissue in anal fistula,1,27
664,Drug: Umbilical Mesenchymal Stem Cells derived Exosomes,1,27
665,Genetic: Cell therapy,1,28
666,Genetic: Allogeneic MSC|Drug: Placebo,1,30
667,Biological: Autologous adipose-derived mesenchymal stem/stromal cells|Other: Placebo,1,30
668,Biological: Autologous tolerogenic dendritic cells|Other: Standard treatment according to the clinical protocols,1,30
669,Drug: 100 million Allogeneic Mesenchymal Human Stem Cells|Other: Placebo,1,30
670,Biological: ucMSC|Other: Controls,1,30
671,Drug: SF-MSC-EX|Drug: SF-MSC,1,30
672,Biological: High concentration of Allo-ASC|Biological: Low concentration of Allo-ASC|Drug: Fibrin glue|Drug: Normal saline,1,30
673,Procedure: Implantation of bone substitute plus autologous cultured mesenchymal cells,1,30
674,Biological: mesenchymal stem cell transplantation|Other: control|Biological: MNC's TRANSPLANTATION,1,30
675,Biological: Cartistem(TM)|Biological: hyaluronic acid|Procedure: ACL reconstruction only,1,30
676,Biological: Mesenchymal Precursor Cells (MPCs),1,30
677,Biological: Infusion of adipose tissue-derived stem/stromal cells and oral Cholecalciferol supplementation,1,30
678,Procedure: injection of progenitor of hepatocyte drived from Mesenchymal stem cell,1,30
679,Biological: Allogeneic Bone Marrow Derived Multipotent Mesenchymal Stromal Cells (MSCs)|Biological: Placebo,1,30
680,Other: Autologous Adipose-derived Mesenchymal Stem Cell Gel|Drug: Sodium Hyaluronate|Procedure: Extraction of abdominal fat,1,30
681,Biological: Allogeneic human menstrual blood stem cells secretome|Other: Intravenous saline injection,1,29
682,Drug: allogeneic human mesenchymal stem cells (allo-hMSCs)|Drug: Placebo,1,28
683,Drug: JointStem|Drug: Synvisc-One,1,28
684,Drug: Mesenchymal Stromal Cells-derived Exosomes with KRAS G12D siRNA,1,28
685,Procedure: ORIF + autograft|Procedure: ORIF + FD BHA/Secretome,1,32
686,Biological: BMAC injection|Biological: PRP injection|Device: Gel-One® hyaluronate injection,1,32
687,Drug: Autologous adipose derived mesenchymal stem cells,1,33
688,Biological: Mesenchymal Stem Cell,1,45
689,Biological: bone marrow-derived MSC and HRT|Other: hormonal replacement therapy,1,46
690,Biological: human umbilical cord blood derived mesenchymal stem cells|Other: Normal saline 2mL,1,46
691,Genetic: MSCTRAIL|Drug: Placebo,1,46
692,Biological: Application of allogeneic ADSC stem cells in fibrin gel|Procedure: Standard care in diabetic foot ulcer,1,46
693,Biological: Cultured Mesenchymal Stem Cells|Procedure: Autologous iliac crest graft,1,46
694,Biological: Allo-MSCs|Biological: Placebo,1,46
695,Drug: MSC+placebo|Drug: MSC|Drug: Placebo,1,45
696,Procedure: Intravenous infusion|Procedure: Intrathecal injection|Biological: umbilical cord mesenchymal stem cell,1,45
697,Drug: Interferon gamma (IFNγ)-primed human bone marrow-derived mesenchymal stromal cells,1,45
698,Biological: BM-Allo.MSC|Biological: Placebo,1,45
699,Other: Mesenchymal stem cells from adipose tissue,1,33
700,Biological: Umbilical Cord Mesenchymal Stem Cells transplantation|Drug: standard frailty treatment and supplementary medication,1,44
701,Biological: exosomes derived from mesenchymal stem cells (MSC-Exo),1,44
702,Biological: UC-MSC|Biological: Saline solution,1,44
703,Biological: Mesenchymal stem cell|Procedure: Rotator cuff repair,1,44
704,Other: Single dose experiments|Other: Multi-dose experiments,1,43
705,Drug: Autologous ASC (for Adipose-derived Stem/Stroma Cell),1,43
706,Biological: Bone marrow mesenchymal stem cells transfer|Drug: Best medical treatment|Procedure: Percutaneous coronary intervention,1,43
707,Biological: Normoxic Allogenic UCMSC|Other: Normal saline solution,1,42
708,Biological: Bone marrow-derived mesenchymal stem cells|Other: Placebo,1,42
709,Biological: Umbilical cord Wharton's jelly-derived human|Other: NaCl 0.9%,1,47
710,Biological: Autologous MSC-NTF cells|Biological: Placebo,1,48
711,Drug: Allogeneic Mesenchymal Precursor Cells|Drug: Normal Saline,1,48
712,Drug: FAB117-HC|Other: Control group,1,48
713,Genetic: Stem cells|Genetic: Placebo,1,53
714,Drug: Autologous BM-MSC|Procedure: Sham,1,52
715,Drug: Autologous BM-MSC|Other: Sham Procedure,1,52
716,Procedure: Core decompression procedure,1,52
717,Other: Intravenous administration of placebo|Drug: Intravenous administration of 1 million of MSC|Drug: Intravenous administration of 2 million of MSC|Drug: Intravenous administration of 4 million of MSC,1,52
718,Procedure: Mesenchymal Stem Cell injection,1,52
719,Biological: Injection of stem cells in sub-tenon space of eye for the management of retinitis pigmentosa|Biological: Injection of stem cells in suprachoroidal space of eye for the management of Retinitis Pigmentosa,1,50
720,Biological: MSC (hPPL),1,50
721,Biological: Autologous mesenchymal stem cells|Other: Placebo,1,50
722,Biological: Human umbilical cord-derived mesenchymal stem cells (hUC-MSCs)|Procedure: Marrow cellution,1,50
723,Biological: Intrathecal MSC-NP injection|Other: Intrathecal saline injection,1,50
724,Procedure: core decompression with autologous bone marrow implantation|Procedure: core decompression of the femoral head,1,50
725,"Biological: Stem Cells,Mesenchymal|Procedure: surgery (TVT)",1,50
726,Biological: hUC-MSCs+Injectable collagen scaffold+CABG|Biological: hUC-MSCs+CABG|Procedure: CABG,1,50
727,Biological: Stem cells|Other: Placebo,1,50
728,Biological: graft versus host disease prophylaxis/therapy|Genetic: fluorescence in situ hybridization|Other: immunoenzyme technique|Other: immunohistochemistry staining method|Other: laboratory biomarker analysis|Procedure: in vitro-treated bone marrow transplantation|Procedure: management of therapy complications,1,49
729,Biological: Injection of Secretome-MSCs|Drug: Standard treatment of Covid-19,1,48
730,Biological: Allogeneic Wharton's jelly-MSCs (WJ-MSC)|Other: Placebo,1,48
731,Biological: UC-MSC infusion via intravenous route|Biological: UC-MSC infusion via intrathecal route|Other: standard stroke treatment and rehabilitation therapy,1,48
732,Drug: Mesenchymal stem cell|Procedure: Mesenchymal stem cell delivery with stent placement,1,42
733,Biological: HUC-MSCs|Biological: Lipoic Acid,1,42
734,Biological: Allogeneic umbilical cord mesenchymal stem cells|Biological: Control group,1,41
735,Biological: Wharton's jelly-derived mesenchymal cells,1,40
736,Biological: Human umbilical cord mesenchymal stem cells + best supportive care|Other: Placebo control + best supportive care,1,39
737,Biological: Allogeneic adult mesenchymal bone marrow stem cells,1,38
738,Biological: Autologous hMSCs|Biological: Allogeneic hMSCs,1,37
739,Biological: human cord blood mononuclear cells|Biological: human cord blood mononuclear cells and human umbilical cord mesenchymal stem cells,1,37
740,Procedure: Regenerative Endodontic Procedure|Procedure: Conventional Root Canal Treatment,1,36
741,Drug: Mesenchymal stromal cells (MSC)|Drug: Placebo,1,36
742,Biological: Oncolytic Adenovirus Ad5-DNX-2401|Procedure: Therapeutic Conventional Surgery,1,36
743,Biological: Conventional therapy plus low dose UCMSCs treatment|Biological: Conventional therapy plus medium dose UCMSCs treatment|Biological: Conventional therapy plus high dose UCMSCs treatment,1,36
744,Biological: ASC|Drug: Fibringlue,1,36
745,Drug: Mesenchymal Stem Cells (MSCs),1,36
746,Biological: BM-MSC,1,36
747,Biological: Cellavita-HD,1,35
748,Procedure: arthroplasty,1,35
749,Procedure: blood samples,1,35
750,Procedure: Unilateral Bone Marrow Procurement|Procedure: Bilateral Bone Marrow Procurement,1,35
751,Other: Cartilage repair surgery,1,35
752,Biological: Cellavita HD lower dose|Biological: Cellavita HD higher dose|Other: Placebo,1,35
753,Procedure: harvest of a small bone marrow sample,1,35
754,Biological: Longeveron Mesenchymal Stem Cells|Biological: Placebo,1,33
755,Biological: MSC treatment|Drug: Standard of Care|Drug: Placebo,1,39
756,"Drug: Wharton's jelly derived Mesenchymal stem cells.|Drug: Hydroxychloroquine, lopinavir/ritonavir or azithromycin and placebo (standard therapy)",1,40
757,Biological: mesenchymal stem cell|Biological: Placebo,1,40
758,Procedure: Autologous bone marrow aspirate will be harvested and concentrated to a bone marrow aspirate concentrate (BMAC) containing bone marrow derived mesenchymal stem cells and delivered to site of operation|Procedure: Control group incision,1,40
759,Drug: Human Mesenchymal Stem Cells and Lactated Riunger's Solution|Other: Placebo,1,40
760,Biological: UC-MSC|Biological: Control Group,1,40
761,Biological: Mesenchymal stem cell injection|Biological: Placebo,1,40
762,Drug: Filgrastim,1,40
763,Biological: Application of exosomes in a whole blood assay,1,40
764,"Other: Best Medical Management: Occupational and Physical Therapy|Biological: Autologous, Adipose Derived Mesenchymal Stem Cells",1,40
765,Biological: Stem cell|Device: MSCs,1,40
766,Biological: Symptoms and Objective Examination,1,40
767,Drug: Semaglutide|Drug: Placebos,1,40
768,Biological: Umbilical Cord Mesenchymal Stem Cells transplantation|Drug: drug therapy according to Vietnamese MOHS procedure,1,40
769,Biological: hMSC,1,40
770,Biological: human umbilical cord mesenchymal stem cells|Other: human serum albumin,1,40
771,Drug: Mesenchymal stem cells|Other: Placebo,1,40
772,Drug: ASCs|Drug: Cryostor CS10,1,40
773,Biological: PrimePro|Other: Placebo,1,40
774,Biological: Human Umbilical Cord Mesenchymal Stem Cells,1,40
775,Biological: Injection of secretome - mesenchymal stem cell|Other: Placebo|Drug: Standard treatment of Covid-19,1,40
776,Drug: Allogeneic adipose-derived mesenchymal stem cells (MSC)-Single Infusion|Drug: Allogeneic adipose-derived mesenchymal stem cells (MSC)-Two Infusions,1,40
777,Biological: Peripheral Intravenous (IV) infusion of LMSCs,1,40
778,Biological: Umbilical Cord Mesenchymal Stem Cells,1,1
